0,1,2,3,4,5,6,7,8
2003001,2003/2/23,10,11,12,13,26,28,11
2003002,2003/2/27,4,9,19,20,21,26,12
2003003,2003/3/2,1,7,10,23,28,32,16
2003004,2003/3/6,4,6,7,10,13,25,3
2003005,2003/3/9,4,6,15,17,30,31,16
2003006,2003/3/13,1,3,10,21,26,27,6
2003007,2003/3/16,1,9,19,21,23,26,7
2003008,2003/3/20,5,8,9,14,17,23,8
2003009,2003/3/23,5,9,18,20,22,30,9
2003010,2003/3/27,1,2,8,13,17,24,13
2003011,2003/3/30,4,5,11,12,30,32,15
2003012,2003/4/3,2,12,16,17,27,30,12
2003013,2003/4/6,8,13,17,21,23,32,12
2003014,2003/4/10,3,5,7,8,21,31,2
2003015,2003/4/13,4,11,19,25,26,32,13
2003016,2003/4/17,11,17,28,30,31,33,6
2003017,2003/4/20,5,8,18,23,25,31,6
2003018,2003/4/24,5,16,19,20,25,28,13
2003019,2003/4/27,4,8,12,13,16,33,9
2003020,2003/5/1,7,10,25,26,27,32,4
2003021,2003/5/4,14,15,18,25,26,30,1
2003022,2003/5/8,2,7,11,12,14,32,8
2003023,2003/5/11,1,10,20,22,26,31,2
2003024,2003/5/15,2,7,15,17,22,30,14
2003025,2003/5/18,1,5,11,13,14,27,12
2003026,2003/5/22,8,13,15,26,29,31,16
2003027,2003/5/25,1,11,14,17,27,28,15
2003028,2003/5/29,6,13,16,20,28,32,7
2003029,2003/6/1,2,7,15,26,29,32,10
2003030,2003/6/5,2,6,13,14,23,27,7
2003031,2003/6/8,11,17,20,22,28,32,1
2003032,2003/6/12,4,11,25,27,29,30,13
2003033,2003/6/15,1,7,14,20,27,30,10
2003034,2003/6/19,8,13,14,16,23,25,14
2003035,2003/6/22,3,4,5,8,10,11,8
2003036,2003/6/26,7,21,24,25,27,28,15
2003037,2003/6/29,9,14,17,18,26,32,7
2003038,2003/7/3,5,7,8,24,25,27,16
2003039,2003/7/6,3,5,23,24,27,32,3
2003040,2003/7/10,4,5,6,12,14,23,16
2003041,2003/7/13,2,3,17,18,24,25,11
2003042,2003/7/17,3,5,7,10,15,20,7
2003043,2003/7/20,2,8,10,19,20,32,13
2003044,2003/7/24,2,5,9,16,32,33,15
2003045,2003/7/27,3,7,14,15,17,32,3
2003046,2003/7/31,7,8,10,11,17,26,11
2003047,2003/8/3,3,17,26,28,32,33,16
2003048,2003/8/7,10,12,20,28,30,31,9
2003049,2003/8/10,3,6,7,13,24,25,15
2003050,2003/8/14,2,8,17,23,24,26,13
2003051,2003/8/17,4,13,15,17,24,27,1
2003052,2003/8/21,1,12,13,23,30,31,11
2003053,2003/8/24,15,19,20,21,28,29,13
2003054,2003/8/28,2,5,9,21,31,33,12
2003055,2003/8/31,6,13,16,21,28,31,16
2003056,2003/9/4,8,17,21,26,28,29,7
2003057,2003/9/7,18,19,24,25,30,31,16
2003058,2003/9/11,9,11,16,28,32,33,2
2003059,2003/9/14,2,3,5,6,18,30,4
2003060,2003/9/18,2,4,6,17,21,28,11
2003061,2003/9/21,3,5,20,21,28,32,2
2003062,2003/9/25,1,6,12,19,20,32,14
2003063,2003/9/28,5,8,9,14,21,33,11
2003064,2003/10/2,4,6,8,12,15,30,1
2003065,2003/10/5,6,15,16,17,30,33,11
2003066,2003/10/9,3,7,8,20,24,32,14
2003067,2003/10/12,5,11,12,13,27,31,10
2003068,2003/10/16,9,19,25,27,32,33,11
2003069,2003/10/19,7,11,16,19,26,28,11
2003070,2003/10/23,1,2,4,17,18,19,8
2003071,2003/10/26,9,11,12,14,15,33,11
2003072,2003/10/30,3,6,8,11,19,27,11
2003073,2003/11/2,2,12,14,21,23,30,13
2003074,2003/11/6,2,12,19,22,27,32,1
2003075,2003/11/9,16,17,19,22,31,33,11
2003076,2003/11/13,1,13,16,18,20,29,2
2003077,2003/11/16,4,12,16,22,24,25,6
2003078,2003/11/20,7,12,23,26,29,30,11
2003079,2003/11/23,12,15,22,23,26,31,4
2003080,2003/11/27,9,20,24,25,28,30,10
2003081,2003/11/30,1,2,14,26,29,30,7
2003082,2003/12/4,7,17,18,19,30,31,14
2003083,2003/12/7,1,3,14,18,26,28,1
2003084,2003/12/11,2,6,7,10,17,33,3
2003085,2003/12/14,1,4,11,12,19,27,14
2003086,2003/12/18,5,12,16,18,26,30,13
2003087,2003/12/21,2,3,4,5,24,28,13
2003088,2003/12/25,3,10,21,22,24,33,12
2003089,2003/12/28,18,19,21,26,27,33,16
2004001,2004/1/1,1,2,3,7,10,25,7
2004002,2004/1/4,10,12,18,22,30,31,11
2004003,2004/1/8,3,5,6,17,26,33,8
2004004,2004/1/11,10,19,22,23,25,29,9
2004005,2004/1/15,9,11,13,16,17,18,7
2004006,2004/1/18,4,12,18,20,23,32,6
2004007,2004/1/29,4,12,17,20,25,28,9
2004008,2004/2/1,1,7,10,22,32,33,13
2004009,2004/2/5,1,9,10,16,22,24,11
2004010,2004/2/8,6,7,8,13,14,19,15
2004011,2004/2/12,1,4,13,23,28,30,3
2004012,2004/2/15,1,7,27,30,31,33,8
2004013,2004/2/19,12,14,21,29,30,32,13
2004014,2004/2/22,3,7,11,17,20,26,12
2004015,2004/2/26,1,3,5,18,22,23,13
2004016,2004/2/29,4,7,8,28,30,32,5
2004017,2004/3/4,5,12,14,15,25,31,9
2004018,2004/3/7,2,5,6,8,28,30,6
2004019,2004/3/11,5,10,11,23,24,32,4
2004020,2004/3/14,1,2,9,22,28,31,4
2004021,2004/3/18,5,9,11,17,26,27,10
2004022,2004/3/21,3,10,14,19,20,30,6
2004023,2004/3/25,1,8,14,17,19,30,3
2004024,2004/3/28,1,13,21,23,25,32,6
2004025,2004/4/1,7,8,10,24,29,33,4
2004026,2004/4/4,4,10,14,18,28,32,15
2004027,2004/4/8,1,5,9,10,18,32,11
2004028,2004/4/11,1,2,3,5,10,22,12
2004029,2004/4/15,9,13,20,22,24,32,5
2004030,2004/4/18,1,7,9,17,26,31,5
2004031,2004/4/22,3,6,19,20,21,24,11
2004032,2004/4/25,2,5,8,11,15,31,13
2004033,2004/4/29,1,4,8,9,19,20,1
2004034,2004/5/2,2,7,13,20,27,30,14
2004035,2004/5/6,2,8,26,27,30,32,16
2004036,2004/5/9,2,13,17,18,26,30,1
2004037,2004/5/13,3,4,11,17,20,26,5
2004038,2004/5/16,11,16,17,25,28,29,7
2004039,2004/5/20,10,16,18,25,26,29,3
2004040,2004/5/23,7,17,19,20,21,29,11
2004041,2004/5/27,8,10,17,22,25,29,14
2004042,2004/5/30,6,10,13,17,18,21,2
2004043,2004/6/3,4,9,10,21,22,24,10
2004044,2004/6/6,2,6,7,12,31,32,5
2004045,2004/6/10,1,12,18,26,27,28,13
2004046,2004/6/13,7,15,16,22,23,32,14
2004047,2004/6/17,1,7,8,11,27,31,6
2004048,2004/6/20,8,9,11,16,17,29,9
2004049,2004/6/24,11,12,14,16,25,29,9
2004050,2004/6/27,6,7,19,21,25,29,2
2004051,2004/7/1,2,3,9,10,15,29,11
2004052,2004/7/4,1,12,14,15,17,29,9
2004053,2004/7/8,2,3,4,9,24,25,2
2004054,2004/7/11,9,11,14,16,27,28,11
2004055,2004/7/15,6,8,19,25,29,32,7
2004056,2004/7/18,1,20,21,25,29,30,2
2004057,2004/7/22,5,21,23,25,28,32,4
2004058,2004/7/25,1,8,11,12,27,31,12
2004059,2004/7/29,4,7,11,19,23,26,10
2004060,2004/8/1,3,5,11,24,27,28,15
2004061,2004/8/5,13,16,19,20,23,33,9
2004062,2004/8/8,1,12,25,27,28,29,13
2004063,2004/8/12,7,10,13,16,27,28,7
2004064,2004/8/15,14,15,18,20,27,31,4
2004065,2004/8/19,13,14,27,29,32,33,8
2004066,2004/8/22,5,13,20,23,24,25,3
2004067,2004/8/24,1,6,7,13,16,32,4
2004068,2004/8/26,2,8,11,13,24,31,15
2004069,2004/8/29,2,11,15,20,22,29,5
2004070,2004/8/31,10,12,21,22,30,33,6
2004071,2004/9/2,3,8,16,17,21,29,6
2004072,2004/9/5,8,15,18,28,30,33,14
2004073,2004/9/7,2,7,13,16,23,28,16
2004074,2004/9/9,5,6,15,19,26,29,13
2004075,2004/9/12,7,18,21,26,27,28,7
2004076,2004/9/14,3,5,13,17,25,31,7
2004077,2004/9/16,8,9,10,14,16,26,7
2004078,2004/9/19,4,5,10,21,24,26,5
2004079,2004/9/21,7,13,14,17,19,30,3
2004080,2004/9/23,3,8,20,23,24,26,16
2004081,2004/9/26,3,5,21,24,27,32,6
2004082,2004/9/28,3,20,24,27,29,30,15
2004083,2004/9/30,14,16,27,28,30,33,6
2004084,2004/10/3,1,4,8,11,21,25,14
2004085,2004/10/5,3,8,11,29,30,32,1
2004086,2004/10/7,10,13,18,19,25,27,1
2004087,2004/10/10,1,3,7,8,25,26,14
2004088,2004/10/12,2,10,19,22,24,32,14
2004089,2004/10/14,14,17,20,25,28,30,14
2004090,2004/10/17,1,18,20,24,32,33,12
2004091,2004/10/19,9,13,14,21,30,33,1
2004092,2004/10/21,1,4,8,13,28,31,2
2004093,2004/10/24,11,14,20,27,32,33,5
2004094,2004/10/26,5,9,10,13,24,25,8
2004095,2004/10/28,19,22,27,28,30,32,1
2004096,2004/10/31,1,4,12,16,20,30,15
2004097,2004/11/2,10,19,20,26,29,31,14
2004098,2004/11/4,3,12,13,25,26,31,3
2004099,2004/11/7,5,10,21,22,26,33,2
2004100,2004/11/9,6,8,9,14,24,33,15
2004101,2004/11/11,2,9,14,19,25,26,15
2004102,2004/11/14,3,9,12,15,28,32,1
2004103,2004/11/16,2,3,5,9,16,21,2
2004104,2004/11/18,7,11,17,18,24,29,5
2004105,2004/11/21,7,9,10,21,23,30,12
2004106,2004/11/23,10,15,23,26,28,29,12
2004107,2004/11/25,1,8,12,13,18,20,7
2004108,2004/11/28,8,13,14,27,28,31,12
2004109,2004/11/30,6,8,10,17,30,31,14
2004110,2004/12/2,14,19,20,21,22,31,11
2004111,2004/12/5,11,16,18,20,26,31,2
2004112,2004/12/7,9,13,15,21,26,33,6
2004113,2004/12/10,8,10,23,25,31,32,7
2004114,2004/12/13,1,6,9,17,21,22,1
2004115,2004/12/14,2,16,20,30,31,33,1
2004116,2004/12/16,1,3,5,8,14,33,3
2004117,2004/12/19,1,3,7,14,24,25,7
2004118,2004/12/21,3,4,7,12,30,31,15
2004119,2004/12/23,6,9,18,20,25,33,6
2004120,2004/12/23,7,8,18,21,27,32,10
2004121,2004/12/23,7,13,16,18,30,32,10
2004122,2004/12/30,3,11,14,22,24,31,15
2005001,2005/1/2,1,7,8,23,27,28,14
2005002,2005/1/4,6,9,20,26,28,33,14
2005003,2005/1/6,9,12,15,19,22,31,16
2005004,2005/1/9,1,4,8,9,22,23,3
2005005,2005/1/11,5,9,20,26,28,33,15
2005006,2005/1/13,2,4,5,15,21,31,16
2005007,2005/1/16,7,15,17,20,23,33,15
2005008,2005/1/18,11,19,22,27,32,33,11
2005009,2005/1/20,2,17,22,27,29,31,14
2005010,2005/1/23,8,10,11,18,25,26,1
2005011,2005/1/25,9,11,13,15,22,30,15
2005012,2005/1/27,2,3,6,16,22,31,5
2005013,2005/1/30,7,8,16,19,20,24,6
2005014,2005/2/1,13,19,21,23,30,32,5
2005015,2005/2/3,4,8,9,16,17,29,15
2005016,2005/2/6,1,5,6,12,16,30,15
2005017,2005/2/16,2,6,10,25,27,31,3
2005018,2005/2/17,1,3,6,22,23,25,6
2005019,2005/2/20,6,11,12,13,19,22,8
2005020,2005/2/22,14,16,19,20,25,29,5
2005021,2005/2/24,2,6,24,26,30,31,16
2005022,2005/2/27,8,10,12,21,32,33,4
2005023,2005/3/1,10,15,19,20,21,25,12
2005024,2005/3/3,5,9,14,27,31,32,13
2005025,2005/3/6,1,7,10,11,13,32,7
2005026,2005/3/8,6,12,14,20,25,26,7
2005027,2005/3/10,1,3,4,6,21,32,15
2005028,2005/3/13,4,9,22,25,26,32,10
2005029,2005/3/15,2,14,21,22,27,30,14
2005030,2005/3/17,1,5,9,14,22,28,5
2005031,2005/3/20,4,10,16,20,23,32,7
2005032,2005/3/22,5,15,19,20,25,29,3
2005033,2005/3/24,7,8,12,14,19,20,7
2005034,2005/3/27,5,17,18,25,28,32,9
2005035,2005/3/29,12,16,21,28,29,30,14
2005036,2005/3/31,12,19,20,21,26,31,15
2005037,2005/4/3,7,12,14,22,24,32,16
2005038,2005/4/5,4,7,11,20,27,28,16
2005039,2005/4/7,2,16,18,19,21,29,9
2005040,2005/4/10,1,12,21,24,30,32,13
2005041,2005/4/12,2,11,16,23,24,29,3
2005042,2005/4/14,11,16,21,26,27,30,15
2005043,2005/4/17,4,5,6,7,8,32,5
2005044,2005/4/19,1,6,16,17,18,22,9
2005045,2005/4/21,1,7,10,15,18,20,10
2005046,2005/4/24,9,16,18,20,22,24,5
2005047,2005/4/26,2,3,5,7,8,27,15
2005048,2005/4/28,6,7,8,10,16,28,2
2005049,2005/5/1,2,3,8,10,25,27,12
2005050,2005/5/3,2,9,12,20,26,32,13
2005051,2005/5/5,3,6,14,19,20,21,2
2005052,2005/5/8,1,2,14,17,30,32,1
2005053,2005/5/10,4,7,10,14,27,29,9
2005054,2005/5/12,5,13,17,18,21,29,14
2005055,2005/5/15,5,20,22,30,32,33,9
2005056,2005/5/17,12,17,19,27,29,31,9
2005057,2005/5/19,5,6,10,15,30,31,13
2005058,2005/5/22,4,6,10,21,25,26,10
2005059,2005/5/24,7,11,14,18,24,29,7
2005060,2005/5/26,9,12,21,25,31,33,13
2005061,2005/5/29,5,9,14,21,23,24,1
2005062,2005/5/31,2,7,11,12,20,23,7
2005063,2005/6/2,2,11,13,18,22,30,4
2005064,2005/6/5,10,18,23,27,30,32,8
2005065,2005/6/7,12,16,17,21,22,23,16
2005066,2005/6/9,2,4,10,11,25,28,5
2005067,2005/6/12,3,12,16,20,21,26,16
2005068,2005/6/14,1,8,10,13,25,33,13
2005069,2005/6/16,7,9,21,24,31,33,12
2005070,2005/6/19,3,4,8,14,16,26,4
2005071,2005/6/21,4,8,12,14,16,22,10
2005072,2005/6/23,6,10,19,20,24,33,11
2005073,2005/6/26,1,6,8,9,18,20,1
2005074,2005/6/28,6,9,18,20,26,29,9
2005075,2005/6/30,11,13,14,16,18,31,14
2005076,2005/7/3,4,9,11,22,25,28,13
2005077,2005/7/5,8,17,22,24,32,33,16
2005078,2005/7/7,3,11,15,20,26,32,11
2005079,2005/7/10,3,9,20,24,25,28,5
2005080,2005/7/12,1,12,14,26,27,32,16
2005081,2005/7/14,2,4,10,12,26,30,3
2005082,2005/7/17,1,7,11,14,19,20,12
2005083,2005/7/19,3,5,9,14,16,30,13
2005084,2005/7/21,1,2,7,15,19,20,3
2005085,2005/7/24,8,9,13,14,20,22,12
2005086,2005/7/26,7,11,12,24,27,29,12
2005087,2005/7/28,8,9,15,16,23,26,8
2005088,2005/7/31,1,3,7,18,20,24,7
2005089,2005/8/2,5,19,20,23,26,31,12
2005090,2005/8/4,1,9,21,25,29,32,3
2005091,2005/8/7,1,11,12,15,26,27,13
2005092,2005/8/9,8,13,19,26,28,31,10
2005093,2005/8/11,4,6,17,23,25,29,14
2005094,2005/8/14,3,5,9,23,27,33,3
2005095,2005/8/16,9,12,18,21,28,29,5
2005096,2005/8/18,4,5,17,18,26,33,4
2005097,2005/8/21,5,10,23,27,28,30,15
2005098,2005/8/23,12,15,19,22,31,33,1
2005099,2005/8/25,10,13,16,22,24,31,9
2005100,2005/8/28,2,4,9,14,16,31,3
2005101,2005/8/30,9,16,19,21,22,24,12
2005102,2005/9/1,2,5,6,14,24,31,12
2005103,2005/9/4,4,7,16,18,23,30,7
2005104,2005/9/6,2,4,21,23,30,33,9
2005105,2005/9/8,4,15,23,30,32,33,3
2005106,2005/9/11,1,11,13,24,26,31,13
2005107,2005/9/13,9,10,20,24,25,26,11
2005108,2005/9/15,3,10,12,24,29,30,6
2005109,2005/9/18,3,5,13,15,17,31,4
2005110,2005/9/20,7,10,16,19,24,25,9
2005111,2005/9/22,3,7,15,16,19,29,9
2005112,2005/9/25,4,12,22,28,29,30,16
2005113,2005/9/27,15,18,20,22,26,27,3
2005114,2005/9/29,6,7,10,15,21,27,6
2005115,2005/10/2,3,12,18,23,30,33,2
2005116,2005/10/4,4,6,8,14,15,30,10
2005117,2005/10/6,6,17,22,27,28,32,3
2005118,2005/10/9,4,9,12,15,26,31,16
2005119,2005/10/11,1,7,11,18,20,22,2
2005120,2005/10/13,1,6,13,18,30,32,14
2005121,2005/10/16,1,7,20,25,31,32,12
2005122,2005/10/18,1,4,7,14,30,32,9
2005123,2005/10/20,11,12,13,17,18,25,7
2005124,2005/10/23,5,6,10,19,31,33,11
2005125,2005/10/25,6,14,18,28,31,32,3
2005126,2005/10/27,2,8,13,19,25,26,9
2005127,2005/10/30,4,6,11,14,23,25,12
2005128,2005/11/1,2,4,14,23,29,33,15
2005129,2005/11/3,5,10,14,20,27,33,3
2005130,2005/11/6,3,5,9,15,20,25,16
2005131,2005/11/8,2,7,10,11,12,24,3
2005132,2005/11/10,2,4,10,18,27,29,15
2005133,2005/11/13,1,7,14,16,18,25,11
2005134,2005/11/15,4,13,14,18,26,30,1
2005135,2005/11/17,1,5,13,15,21,25,11
2005136,2005/11/20,5,14,16,18,25,27,13
2005137,2005/11/22,3,9,15,23,25,33,12
2005138,2005/11/24,3,5,6,11,20,22,13
2005139,2005/11/27,2,7,20,23,32,33,10
2005140,2005/11/29,4,6,7,8,12,17,7
2005141,2005/12/1,3,5,8,12,16,19,15
2005142,2005/12/4,7,10,12,17,22,29,5
2005143,2005/12/6,3,10,15,17,20,32,8
2005144,2005/12/8,1,8,14,15,19,27,9
2005145,2005/12/11,3,7,8,17,20,28,15
2005146,2005/12/13,7,11,19,20,24,28,2
2005147,2005/12/15,6,7,15,27,28,30,10
2005148,2005/12/18,3,15,17,23,24,29,13
2005149,2005/12/20,11,16,21,23,25,32,7
2005150,2005/12/22,3,7,10,14,18,20,2
2005151,2005/12/25,4,11,12,13,19,30,5
2005152,2005/12/27,1,5,12,14,21,27,3
2005153,2005/12/29,4,5,7,21,26,29,1
2006001,2006/1/1,1,12,15,19,21,28,3
2006002,2006/1/3,7,13,16,21,26,28,9
2006003,2006/1/5,2,4,5,6,16,20,12
2006004,2006/1/8,4,8,17,27,28,31,7
2006005,2006/1/10,3,19,20,24,26,27,11
2006006,2006/1/12,8,21,22,23,26,32,14
2006007,2006/1/15,4,16,18,27,32,33,7
2006008,2006/1/17,3,5,9,18,28,32,16
2006009,2006/1/19,5,6,8,20,26,30,6
2006010,2006/1/22,4,6,12,19,27,29,8
2006011,2006/1/24,5,7,8,14,27,31,11
2006012,2006/1/26,9,11,13,27,31,33,10
2006013,2006/2/5,1,5,6,12,16,21,11
2006014,2006/2/7,6,14,26,29,32,33,7
2006015,2006/2/9,2,3,9,15,29,32,3
2006016,2006/2/12,1,7,13,17,23,30,16
2006017,2006/2/14,3,4,8,31,32,33,2
2006018,2006/2/16,1,13,14,17,24,26,5
2006019,2006/2/19,4,6,13,22,26,32,7
2006020,2006/2/21,5,9,21,23,26,29,6
2006021,2006/2/23,1,2,5,20,21,22,9
2006022,2006/2/26,2,3,4,13,16,27,13
2006023,2006/2/28,4,13,14,19,23,28,8
2006024,2006/3/2,2,7,9,11,21,27,6
2006025,2006/3/5,3,4,17,19,24,32,5
2006026,2006/3/7,1,2,18,22,29,32,3
2006027,2006/3/9,6,8,11,14,16,27,15
2006028,2006/3/12,5,7,14,16,17,27,4
2006029,2006/3/14,3,4,7,9,14,19,8
2006030,2006/3/16,8,13,15,17,20,32,14
2006031,2006/3/19,3,10,12,16,31,32,14
2006032,2006/3/21,5,18,20,24,26,31,9
2006033,2006/3/23,15,20,22,23,27,31,6
2006034,2006/3/26,2,10,15,16,17,33,13
2006035,2006/3/28,3,9,13,21,27,29,13
2006036,2006/3/30,4,7,10,16,17,21,9
2006037,2006/4/2,2,12,23,24,25,32,14
2006038,2006/4/4,2,14,17,19,22,30,10
2006039,2006/4/6,16,19,22,28,31,32,3
2006040,2006/4/9,15,22,25,26,28,33,3
2006041,2006/4/11,3,10,16,18,21,28,4
2006042,2006/4/13,3,16,23,26,28,31,11
2006043,2006/4/16,5,12,13,16,23,32,3
2006044,2006/4/18,2,10,18,21,30,31,5
2006045,2006/4/20,6,7,10,14,20,21,4
2006046,2006/4/23,13,18,23,29,31,32,8
2006047,2006/4/25,2,17,20,22,28,32,3
2006048,2006/4/27,9,13,19,25,29,32,12
2006049,2006/4/30,6,10,12,13,17,20,3
2006050,2006/5/2,2,6,12,15,25,31,7
2006051,2006/5/4,2,6,7,17,27,30,16
2006052,2006/5/7,11,24,26,27,30,32,3
2006053,2006/5/9,1,11,17,27,28,31,2
2006054,2006/5/11,3,5,7,10,28,30,4
2006055,2006/5/14,4,5,28,29,31,33,11
2006056,2006/5/16,11,13,15,21,23,25,8
2006057,2006/5/18,3,4,17,18,21,31,8
2006058,2006/5/21,1,12,22,23,24,25,14
2006059,2006/5/23,5,10,15,17,27,29,11
2006060,2006/5/25,5,15,19,23,30,32,14
2006061,2006/5/28,5,13,17,19,25,30,11
2006062,2006/5/30,18,22,23,24,26,30,1
2006063,2006/6/1,4,5,15,21,23,24,8
2006064,2006/6/4,3,12,14,21,24,28,11
2006065,2006/6/6,4,8,17,28,29,30,13
2006066,2006/6/8,6,8,11,18,30,33,5
2006067,2006/6/11,7,8,11,16,17,24,13
2006068,2006/6/13,3,7,10,14,30,33,10
2006069,2006/6/15,5,16,20,22,29,30,8
2006070,2006/6/18,2,3,11,13,20,27,2
2006071,2006/6/20,5,11,12,19,29,31,1
2006072,2006/6/22,2,3,5,20,21,24,8
2006073,2006/6/25,5,13,16,18,27,29,12
2006074,2006/6/27,1,3,15,19,25,33,4
2006075,2006/6/29,10,21,22,23,25,33,11
2006076,2006/7/2,4,10,17,21,29,32,14
2006077,2006/7/4,8,9,12,13,19,33,9
2006078,2006/7/6,3,5,17,22,31,33,12
2006079,2006/7/9,6,11,13,17,20,32,8
2006080,2006/7/11,15,17,20,22,26,29,9
2006081,2006/7/13,14,16,18,21,22,32,4
2006082,2006/7/16,3,13,15,23,28,29,9
2006083,2006/7/18,7,9,18,19,26,29,10
2006084,2006/7/21,1,12,17,21,25,28,12
2006085,2006/7/23,2,6,18,21,24,25,8
2006086,2006/7/25,4,6,10,24,26,31,6
2006087,2006/7/27,4,5,8,9,12,30,5
2006088,2006/7/30,3,11,20,24,25,26,1
2006089,2006/8/1,1,13,16,18,19,22,1
2006090,2006/8/3,2,11,15,20,23,29,11
2006091,2006/8/6,7,8,12,21,22,24,7
2006092,2006/8/8,2,8,11,16,20,21,14
2006093,2006/8/10,2,12,16,18,19,23,5
2006094,2006/8/13,15,16,17,18,24,33,13
2006095,2006/8/15,1,3,17,20,21,29,16
2006096,2006/8/17,1,5,9,13,18,33,14
2006097,2006/8/20,11,14,15,20,26,27,12
2006098,2006/8/22,6,7,10,11,18,23,16
2006099,2006/8/24,9,12,18,23,24,27,5
2006100,2006/8/27,1,11,18,26,30,32,3
2006101,2006/8/29,9,12,20,26,27,28,16
2006102,2006/8/31,1,4,13,19,20,24,11
2006103,2006/9/3,12,14,15,25,28,31,6
2006104,2006/9/5,3,7,22,27,28,31,11
2006105,2006/9/7,5,12,14,15,20,31,1
2006106,2006/9/10,2,12,14,19,28,33,10
2006107,2006/9/12,1,6,8,13,17,30,7
2006108,2006/9/14,2,6,8,20,24,30,9
2006109,2006/9/17,1,5,17,18,23,26,13
2006110,2006/9/19,9,12,14,18,27,33,13
2006111,2006/9/21,1,8,11,16,17,22,15
2006112,2006/9/24,4,9,13,15,31,33,11
2006113,2006/9/26,5,14,17,18,28,33,2
2006114,2006/9/28,8,10,14,20,27,29,16
2006115,2006/10/1,1,10,20,26,28,29,15
2006116,2006/10/3,5,16,21,22,32,33,9
2006117,2006/10/5,6,14,20,22,23,26,9
2006118,2006/10/8,1,3,7,8,10,30,5
2006119,2006/10/10,1,2,14,20,27,30,2
2006120,2006/10/12,6,8,14,15,24,33,9
2006121,2006/10/15,3,4,6,27,31,33,6
2006122,2006/10/17,4,5,6,8,22,24,3
2006123,2006/10/19,2,3,20,25,28,32,6
2006124,2006/10/22,12,13,14,18,31,32,13
2006125,2006/10/24,15,19,23,30,32,33,6
2006126,2006/10/26,2,8,13,16,24,33,9
2006127,2006/10/29,3,4,11,17,19,30,1
2006128,2006/10/31,4,15,21,30,31,33,5
2006129,2006/11/2,9,14,18,22,27,29,12
2006130,2006/11/5,1,12,21,22,30,32,2
2006131,2006/11/7,3,4,9,22,26,33,1
2006132,2006/11/9,6,14,22,26,30,33,1
2006133,2006/11/12,4,6,20,25,29,31,3
2006134,2006/11/14,10,13,18,26,28,30,12
2006135,2006/11/16,4,19,21,22,23,31,4
2006136,2006/11/19,11,15,17,21,22,24,5
2006137,2006/11/21,10,14,17,21,27,31,9
2006138,2006/11/23,4,9,11,17,18,26,8
2006139,2006/11/26,7,8,14,21,23,25,5
2006140,2006/11/28,1,8,11,18,19,23,5
2006141,2006/11/30,16,18,22,23,25,31,11
2006142,2006/12/3,10,16,19,22,26,27,16
2006143,2006/12/5,1,15,20,29,31,32,8
2006144,2006/12/7,4,10,13,16,22,29,6
2006145,2006/12/10,2,7,23,26,28,31,7
2006146,2006/12/12,3,9,13,23,28,30,5
2006147,2006/12/14,1,4,15,17,27,31,1
2006148,2006/12/17,4,8,12,13,23,29,1
2006149,2006/12/19,2,3,5,11,15,32,15
2006150,2006/12/21,8,9,12,18,25,27,12
2006151,2006/12/24,1,3,4,6,16,22,8
2006152,2006/12/26,1,14,20,25,27,31,15
2006153,2006/12/28,1,7,11,20,30,33,10
2006154,2006/12/31,7,14,18,20,30,33,13
2007001,2007/1/2,2,4,9,10,20,26,14
2007002,2007/1/4,5,6,14,20,21,22,1
2007003,2007/1/7,5,9,11,12,22,27,15
2007004,2007/1/9,3,7,10,13,25,33,10
2007005,2007/1/11,1,5,6,16,24,30,12
2007006,2007/1/14,6,10,14,22,26,27,11
2007007,2007/1/16,4,12,15,17,22,32,14
2007008,2007/1/18,1,4,5,18,19,25,10
2007009,2007/1/21,2,4,14,15,25,27,15
2007010,2007/1/23,3,8,14,17,30,32,5
2007011,2007/1/25,3,10,15,25,28,33,16
2007012,2007/1/28,3,5,7,21,26,28,4
2007013,2007/1/30,5,15,18,27,29,32,5
2007014,2007/2/1,1,13,16,20,24,26,9
2007015,2007/2/4,3,4,8,18,22,30,15
2007016,2007/2/6,1,18,20,22,26,33,5
2007017,2007/2/8,5,9,10,24,25,32,14
2007018,2007/2/11,1,12,18,20,21,26,11
2007019,2007/2/13,4,11,16,23,29,31,14
2007020,2007/2/15,5,10,16,20,28,31,14
2007021,2007/2/25,3,6,9,11,25,31,13
2007022,2007/2/27,2,4,7,10,18,27,10
2007023,2007/3/1,3,7,13,17,32,33,2
2007024,2007/3/4,8,9,17,25,27,32,6
2007025,2007/3/6,3,16,18,22,23,26,3
2007026,2007/3/8,1,4,14,16,26,29,10
2007027,2007/3/11,2,3,9,22,24,27,11
2007028,2007/3/13,3,8,13,20,29,30,11
2007029,2007/3/15,6,8,9,11,19,21,10
2007030,2007/3/18,3,16,21,22,27,30,4
2007031,2007/3/20,4,6,10,12,19,31,1
2007032,2007/3/22,4,8,16,24,30,32,16
2007033,2007/3/25,3,4,11,17,18,28,9
2007034,2007/3/27,2,9,12,14,23,25,16
2007035,2007/3/29,1,4,8,12,29,31,6
2007036,2007/4/1,3,14,21,23,30,31,10
2007037,2007/4/3,10,11,16,23,31,33,16
2007038,2007/4/5,3,11,14,19,21,30,5
2007039,2007/4/8,6,7,19,24,27,29,1
2007040,2007/4/10,13,14,15,19,24,30,10
2007041,2007/4/12,1,3,9,11,26,31,12
2007042,2007/4/15,3,13,16,19,32,33,8
2007043,2007/4/17,3,8,10,11,14,30,5
2007044,2007/4/19,9,13,20,21,24,32,8
2007045,2007/4/22,1,12,18,21,28,30,10
2007046,2007/4/24,2,6,7,9,19,26,14
2007047,2007/4/26,2,4,16,18,23,30,6
2007048,2007/4/29,2,11,12,15,17,28,12
2007049,2007/5/1,4,14,18,19,31,33,2
2007050,2007/5/3,1,5,8,13,18,25,2
2007051,2007/5/6,3,14,16,26,27,33,13
2007052,2007/5/8,2,3,7,8,26,29,7
2007053,2007/5/10,10,13,16,17,18,27,11
2007054,2007/5/13,1,3,16,18,23,28,5
2007055,2007/5/15,2,6,11,22,28,29,2
2007056,2007/5/17,14,17,21,29,31,32,12
2007057,2007/5/20,5,11,18,19,20,21,9
2007058,2007/5/22,7,8,10,13,25,27,7
2007059,2007/5/24,1,3,4,6,7,29,14
2007060,2007/5/27,1,2,8,16,19,29,5
2007061,2007/5/29,1,6,7,11,20,23,5
2007062,2007/5/31,8,17,20,29,30,33,9
2007063,2007/6/3,10,15,17,24,26,28,12
2007064,2007/6/5,2,6,9,16,21,23,16
2007065,2007/6/7,4,7,19,21,25,31,7
2007066,2007/6/10,5,11,16,24,32,33,8
2007067,2007/6/12,6,11,13,17,21,23,11
2007068,2007/6/14,11,18,19,22,23,28,1
2007069,2007/6/17,3,4,11,12,14,32,12
2007070,2007/6/19,6,8,15,17,18,30,12
2007071,2007/6/21,1,6,14,21,30,31,9
2007072,2007/6/24,2,4,8,13,14,33,16
2007073,2007/6/26,5,9,11,19,28,31,2
2007074,2007/6/28,8,13,15,25,27,28,3
2007075,2007/7/1,13,16,17,22,30,32,3
2007076,2007/7/3,6,12,15,16,20,31,2
2007077,2007/7/5,6,8,14,21,28,29,2
2007078,2007/7/8,4,6,7,23,25,32,1
2007079,2007/7/10,3,4,14,20,21,25,14
2007080,2007/7/12,1,8,16,18,19,29,4
2007081,2007/7/15,9,14,15,19,24,33,13
2007082,2007/7/17,5,15,17,18,25,32,15
2007083,2007/7/19,11,14,18,20,21,26,5
2007084,2007/7/22,6,10,12,14,20,27,10
2007085,2007/7/24,2,12,17,19,29,30,12
2007086,2007/7/26,5,8,14,22,27,29,16
2007087,2007/7/29,1,3,4,5,8,21,9
2007088,2007/7/31,2,4,10,28,29,33,6
2007089,2007/8/2,3,7,8,15,19,28,3
2007090,2007/8/5,5,11,13,27,30,31,2
2007091,2007/8/7,2,11,17,30,31,32,7
2007092,2007/8/9,14,18,22,23,24,33,9
2007093,2007/8/12,5,10,13,15,19,29,2
2007094,2007/8/14,3,5,18,19,24,32,2
2007095,2007/8/16,1,6,8,18,29,32,7
2007096,2007/8/19,9,10,20,22,30,32,8
2007097,2007/8/21,4,8,13,18,26,30,11
2007098,2007/8/23,2,3,5,11,19,20,12
2007099,2007/8/26,3,4,14,27,31,33,5
2007100,2007/8/28,8,18,27,29,30,32,6
2007101,2007/8/30,15,16,18,21,22,30,14
2007102,2007/9/2,4,6,8,18,20,33,11
2007103,2007/9/4,7,9,25,27,30,32,1
2007104,2007/9/6,2,8,12,14,20,32,4
2007105,2007/9/9,2,7,10,17,23,29,14
2007106,2007/9/11,12,18,21,24,25,29,8
2007107,2007/9/13,2,8,9,18,24,28,10
2007108,2007/9/16,3,7,12,13,20,33,2
2007109,2007/9/18,1,4,7,8,13,14,4
2007110,2007/9/20,2,4,7,15,24,28,3
2007111,2007/9/23,2,9,10,12,13,17,11
2007112,2007/9/25,7,11,14,16,25,32,11
2007113,2007/9/27,4,18,23,25,26,31,10
2007114,2007/9/30,5,12,15,24,27,33,5
2007115,2007/10/2,1,5,10,16,20,26,2
2007116,2007/10/4,3,5,7,11,17,27,13
2007117,2007/10/7,3,7,9,10,26,32,1
2007118,2007/10/9,4,10,16,18,25,32,15
2007119,2007/10/11,3,8,11,13,25,31,12
2007120,2007/10/14,6,7,11,12,18,25,1
2007121,2007/10/16,3,10,21,22,27,28,6
2007122,2007/10/18,4,7,19,24,26,32,9
2007123,2007/10/21,1,13,15,23,28,32,2
2007124,2007/10/23,3,7,13,16,19,32,16
2007125,2007/10/25,3,5,18,20,27,33,1
2007126,2007/10/28,9,10,19,23,26,31,9
2007127,2007/10/30,6,9,13,16,24,28,11
2007128,2007/11/1,9,10,19,21,27,31,5
2007129,2007/11/4,5,7,20,21,22,30,8
2007130,2007/11/6,3,5,9,11,27,31,4
2007131,2007/11/8,3,5,7,16,22,27,5
2007132,2007/11/11,1,9,16,21,22,23,5
2007133,2007/11/13,3,6,7,11,13,33,10
2007134,2007/11/15,1,4,10,13,18,25,15
2007135,2007/11/18,1,11,16,26,31,33,16
2007136,2007/11/20,1,2,18,21,25,29,14
2007137,2007/11/22,3,7,8,18,20,22,3
2007138,2007/11/25,2,3,15,17,19,25,16
2007139,2007/11/27,6,10,12,14,16,22,6
2007140,2007/11/29,1,5,16,21,22,26,11
2007141,2007/12/2,2,3,4,6,17,31,8
2007142,2007/12/4,11,20,25,26,27,30,8
2007143,2007/12/6,1,6,22,23,24,26,4
2007144,2007/12/9,8,14,23,25,28,32,16
2007145,2007/12/11,8,9,11,12,25,31,11
2007146,2007/12/13,4,18,22,24,26,30,9
2007147,2007/12/16,3,7,18,24,26,27,4
2007148,2007/12/18,3,9,16,17,23,28,7
2007149,2007/12/20,1,17,19,22,28,30,3
2007150,2007/12/23,3,5,11,13,19,24,5
2007151,2007/12/25,1,6,10,11,23,25,2
2007152,2007/12/27,11,17,21,29,30,33,8
2007153,2007/12/30,1,4,19,20,25,31,15
2008001,2008/1/1,2,4,7,9,14,29,3
2008002,2008/1/3,3,4,18,22,25,29,9
2008003,2008/1/6,6,8,11,13,17,19,12
2008004,2008/1/8,4,8,22,23,27,29,8
2008005,2008/1/10,3,5,15,22,24,25,15
2008006,2008/1/13,1,14,16,18,22,27,14
2008007,2008/1/15,1,13,17,22,23,30,11
2008008,2008/1/17,2,15,16,23,26,27,7
2008009,2008/1/20,9,21,29,30,31,32,16
2008010,2008/1/22,3,8,11,17,21,27,9
2008011,2008/1/24,2,14,17,21,30,32,3
2008012,2008/1/27,3,4,5,16,20,30,13
2008013,2008/1/29,2,8,15,16,22,28,10
2008014,2008/1/31,3,9,11,17,21,31,14
2008015,2008/2/3,6,8,11,16,29,33,3
2008016,2008/2/5,3,12,14,21,29,33,13
2008017,2008/2/14,2,5,7,17,20,22,2
2008018,2008/2/17,2,5,6,23,26,33,13
2008019,2008/2/19,2,9,11,17,27,31,5
2008020,2008/2/21,3,10,13,15,28,30,3
2008021,2008/2/24,9,12,19,20,26,28,15
2008022,2008/2/26,12,18,20,24,28,32,5
2008023,2008/2/28,8,16,18,25,26,32,2
2008024,2008/3/2,11,20,21,26,28,30,13
2008025,2008/3/4,8,16,17,18,19,21,14
2008026,2008/3/6,5,17,19,27,29,32,3
2008027,2008/3/9,15,18,19,23,24,26,13
2008028,2008/3/11,1,13,21,26,29,32,10
2008029,2008/3/13,1,9,14,22,29,32,12
2008030,2008/3/16,6,15,18,19,20,28,11
2008031,2008/3/18,3,6,11,15,21,31,13
2008032,2008/3/20,5,14,16,21,23,28,13
2008033,2008/3/23,12,17,18,30,31,33,4
2008034,2008/3/25,3,5,9,11,21,29,9
2008035,2008/3/27,7,11,14,17,18,29,16
2008036,2008/3/30,2,6,13,18,23,28,16
2008037,2008/4/1,1,12,22,24,28,31,6
2008038,2008/4/3,3,9,10,11,15,19,13
2008039,2008/4/6,1,7,10,13,22,29,1
2008040,2008/4/8,6,13,22,25,27,28,9
2008041,2008/4/10,8,11,20,22,23,27,4
2008042,2008/4/13,3,4,9,11,12,24,1
2008043,2008/4/15,3,10,16,22,27,33,14
2008044,2008/4/17,5,7,9,20,26,29,9
2008045,2008/4/20,1,10,13,21,29,32,4
2008046,2008/4/22,15,16,18,24,28,33,15
2008047,2008/4/24,9,12,13,14,20,22,10
2008048,2008/4/27,11,18,21,27,30,32,1
2008049,2008/4/29,3,10,12,13,19,25,4
2008050,2008/5/1,1,11,19,24,26,27,3
2008051,2008/5/4,1,4,8,10,13,33,11
2008052,2008/5/6,2,10,17,23,29,31,10
2008053,2008/5/8,6,12,19,20,21,27,4
2008054,2008/5/11,2,6,16,17,20,25,7
2008055,2008/5/13,11,16,19,23,26,31,4
2008056,2008/5/15,8,13,22,23,25,30,7
2008057,2008/5/18,19,20,21,26,28,30,8
2008058,2008/5/20,1,12,21,27,29,31,11
2008059,2008/5/22,2,6,15,29,31,32,16
2008060,2008/5/25,6,7,8,17,30,32,3
2008061,2008/5/27,1,2,5,12,26,31,6
2008062,2008/5/29,6,8,13,17,24,27,15
2008063,2008/6/1,5,9,11,14,16,17,15
2008064,2008/6/3,1,2,7,9,12,18,12
2008065,2008/6/5,5,13,15,19,30,31,5
2008066,2008/6/8,7,12,21,22,29,30,8
2008067,2008/6/10,10,11,15,19,26,33,13
2008068,2008/6/12,5,7,17,23,27,29,7
2008069,2008/6/15,5,8,17,20,26,30,10
2008070,2008/6/17,5,6,12,15,18,33,13
2008071,2008/6/19,1,6,21,26,27,28,9
2008072,2008/6/22,1,5,10,18,22,30,9
2008073,2008/6/24,1,9,13,22,28,33,8
2008074,2008/6/26,1,11,15,19,20,24,9
2008075,2008/6/29,1,8,14,18,22,30,3
2008076,2008/7/1,2,5,7,11,13,18,11
2008077,2008/7/3,4,12,22,26,30,33,9
2008078,2008/7/6,6,13,16,26,30,33,1
2008079,2008/7/8,3,4,5,10,20,32,9
2008080,2008/7/10,4,14,22,25,29,32,14
2008081,2008/7/13,2,12,13,18,25,31,4
2008082,2008/7/15,4,8,10,12,21,26,9
2008083,2008/7/17,7,8,9,18,29,32,9
2008084,2008/7/20,4,7,13,20,29,30,16
2008085,2008/7/22,1,4,12,20,24,29,15
2008086,2008/7/24,4,5,10,26,27,30,12
2008087,2008/7/27,1,7,26,29,30,31,6
2008088,2008/7/29,1,6,8,16,17,23,5
2008089,2008/7/31,3,6,11,16,22,27,11
2008090,2008/8/3,2,7,14,18,19,24,1
2008091,2008/8/5,3,12,14,23,31,32,10
2008092,2008/8/7,1,3,18,27,28,30,5
2008093,2008/8/10,4,10,12,16,26,28,7
2008094,2008/8/12,1,4,15,16,23,28,14
2008095,2008/8/14,3,8,14,21,28,29,3
2008096,2008/8/17,6,8,12,24,27,31,14
2008097,2008/8/19,3,6,8,9,16,17,13
2008098,2008/8/21,6,7,10,11,15,30,1
2008099,2008/8/24,10,15,16,22,23,24,7
2008100,2008/8/26,8,14,17,21,27,28,14
2008101,2008/8/28,9,17,21,26,28,30,4
2008102,2008/8/31,3,7,12,21,25,32,5
2008103,2008/9/2,1,12,16,18,22,33,4
2008104,2008/9/4,3,6,8,17,24,31,1
2008105,2008/9/7,5,17,19,27,28,32,2
2008106,2008/9/9,14,19,25,27,29,30,15
2008107,2008/9/11,6,13,18,22,27,32,4
2008108,2008/9/14,9,10,15,17,23,30,12
2008109,2008/9/16,4,7,9,16,21,28,10
2008110,2008/9/18,10,16,22,23,29,31,2
2008111,2008/9/21,17,18,21,25,31,32,6
2008112,2008/9/23,5,13,14,19,22,23,6
2008113,2008/9/25,6,9,10,12,17,22,9
2008114,2008/9/28,4,9,20,24,25,31,14
2008115,2008/9/30,2,12,13,14,17,18,6
2008116,2008/10/2,3,7,21,22,24,29,14
2008117,2008/10/5,3,5,7,10,14,33,7
2008118,2008/10/7,4,9,16,27,31,33,1
2008119,2008/10/9,5,7,9,15,24,29,7
2008120,2008/10/12,10,11,22,24,26,33,2
2008121,2008/10/14,2,22,23,27,31,32,6
2008122,2008/10/16,2,8,11,14,19,26,15
2008123,2008/10/19,10,11,15,16,25,29,2
2008124,2008/10/21,1,7,10,13,21,22,3
2008125,2008/10/23,10,11,12,15,26,29,9
2008126,2008/10/26,4,11,12,14,20,30,13
2008127,2008/10/28,5,8,19,22,27,30,13
2008128,2008/10/30,1,5,19,20,27,33,5
2008129,2008/11/2,1,3,18,24,25,32,15
2008130,2008/11/4,1,12,18,28,30,32,6
2008131,2008/11/6,2,12,15,18,22,32,8
2008132,2008/11/9,9,13,16,25,27,33,8
2008133,2008/11/11,8,11,16,19,24,26,11
2008134,2008/11/13,10,15,19,20,28,32,2
2008135,2008/11/16,5,14,15,16,19,21,15
2008136,2008/11/18,5,9,10,12,18,28,2
2008137,2008/11/20,1,4,24,28,29,33,9
2008138,2008/11/23,7,14,19,23,25,32,4
2008139,2008/11/25,8,9,19,23,25,26,7
2008140,2008/11/27,7,14,16,29,30,31,14
2008141,2008/11/30,3,13,20,25,29,33,15
2008142,2008/12/2,5,6,10,13,17,28,15
2008143,2008/12/4,12,17,18,19,26,27,6
2008144,2008/12/7,2,5,10,27,29,33,15
2008145,2008/12/9,7,13,18,22,26,29,2
2008146,2008/12/11,7,8,17,19,31,32,10
2008147,2008/12/14,7,8,14,22,26,33,2
2008148,2008/12/16,3,5,9,22,26,28,9
2008149,2008/12/18,10,14,22,28,29,33,2
2008150,2008/12/21,4,19,22,24,29,32,2
2008151,2008/12/23,6,8,10,14,17,19,6
2008152,2008/12/25,1,4,6,22,26,30,8
2008153,2008/12/28,1,4,18,21,24,30,16
2008154,2008/12/30,2,5,7,21,22,26,8
2009001,2009/1/1,4,21,23,24,30,31,4
2009002,2009/1/4,10,14,17,25,29,33,14
2009003,2009/1/6,2,3,6,15,25,30,2
2009004,2009/1/8,3,11,13,17,28,31,3
2009005,2009/1/11,1,3,8,15,17,21,13
2009006,2009/1/13,6,12,18,20,26,33,2
2009007,2009/1/15,1,5,12,23,25,26,15
2009008,2009/1/18,4,15,16,22,32,33,2
2009009,2009/1/20,8,15,21,30,31,33,2
2009010,2009/1/22,3,10,17,19,20,24,2
2009011,2009/2/1,2,4,13,14,18,23,15
2009012,2009/2/3,5,11,14,17,18,28,1
2009013,2009/2/5,4,8,9,21,26,27,9
2009014,2009/2/8,3,6,9,14,15,18,2
2009015,2009/2/10,2,4,6,15,17,32,5
2009016,2009/2/12,2,7,13,16,20,33,3
2009017,2009/2/15,6,14,15,19,25,26,8
2009018,2009/2/17,2,5,6,19,27,30,15
2009019,2009/2/19,6,17,19,20,26,27,4
2009020,2009/2/22,3,5,7,10,19,23,13
2009021,2009/2/24,1,4,5,17,24,27,9
2009022,2009/2/26,5,8,9,10,11,18,8
2009023,2009/3/1,1,6,7,15,24,30,8
2009024,2009/3/3,1,3,17,23,30,33,12
2009025,2009/3/5,10,20,22,23,26,33,11
2009026,2009/3/8,11,15,17,18,20,30,16
2009027,2009/3/10,2,7,11,16,27,32,6
2009028,2009/3/12,3,6,12,15,23,26,10
2009029,2009/3/15,12,13,15,22,23,29,13
2009030,2009/3/17,8,14,24,26,28,32,7
2009031,2009/3/19,1,2,3,15,30,33,1
2009032,2009/3/22,9,11,12,19,27,32,6
2009033,2009/3/24,7,8,13,14,29,30,6
2009034,2009/3/26,9,12,18,21,22,26,7
2009035,2009/3/29,6,15,21,26,29,31,5
2009036,2009/3/31,6,9,18,23,32,33,7
2009037,2009/4/2,2,6,15,18,20,31,3
2009038,2009/4/5,12,13,15,23,28,32,5
2009039,2009/4/7,5,12,14,15,21,27,3
2009040,2009/4/9,4,7,10,20,26,30,12
2009041,2009/4/12,1,8,23,26,28,33,8
2009042,2009/4/14,8,16,22,23,27,30,11
2009043,2009/4/16,4,9,10,15,18,26,7
2009044,2009/4/19,11,14,16,18,26,30,1
2009045,2009/4/21,3,4,6,23,30,32,1
2009046,2009/4/23,16,20,21,26,29,30,9
2009047,2009/4/26,6,8,11,15,21,22,16
2009048,2009/4/28,3,7,11,15,17,31,1
2009049,2009/4/30,9,12,14,20,30,31,6
2009050,2009/5/3,13,21,24,29,30,32,4
2009051,2009/5/5,6,10,13,16,21,23,7
2009052,2009/5/7,9,11,15,19,21,30,8
2009053,2009/5/10,7,12,18,19,22,28,4
2009054,2009/5/12,16,17,23,26,31,32,11
2009055,2009/5/14,3,4,18,22,24,29,11
2009056,2009/5/17,4,9,10,18,29,32,8
2009057,2009/5/19,5,7,10,14,17,25,11
2009058,2009/5/21,5,8,10,15,23,26,9
2009059,2009/5/24,3,7,13,23,27,30,11
2009060,2009/5/26,7,13,17,26,32,33,4
2009061,2009/5/28,10,11,13,16,19,30,3
2009062,2009/5/31,10,19,20,21,23,32,10
2009063,2009/6/2,2,5,11,26,30,32,16
2009064,2009/6/4,1,2,14,23,28,29,15
2009065,2009/6/7,8,12,20,22,30,33,2
2009066,2009/6/9,2,15,19,24,31,32,4
2009067,2009/6/11,4,10,16,23,28,30,5
2009068,2009/6/14,6,11,18,20,25,30,5
2009069,2009/6/16,3,5,12,18,21,23,2
2009070,2009/6/18,1,2,9,10,21,31,10
2009071,2009/6/21,4,5,23,26,31,32,6
2009072,2009/6/23,1,3,12,20,21,29,4
2009073,2009/6/25,9,16,17,18,22,27,14
2009074,2009/6/28,5,10,16,19,23,28,13
2009075,2009/6/30,1,13,15,17,20,30,5
2009076,2009/7/2,9,18,19,25,28,31,6
2009077,2009/7/5,1,9,14,16,28,32,16
2009078,2009/7/7,5,7,12,14,15,20,13
2009079,2009/7/9,2,9,16,21,30,31,13
2009080,2009/7/12,1,11,13,25,32,33,6
2009081,2009/7/14,4,5,6,25,29,30,3
2009082,2009/7/16,11,15,18,21,27,29,2
2009083,2009/7/19,2,8,12,18,24,28,4
2009084,2009/7/21,4,9,11,20,32,33,13
2009085,2009/7/23,4,8,12,17,20,30,3
2009086,2009/7/26,11,12,13,18,23,32,11
2009087,2009/7/28,6,11,13,20,28,32,6
2009088,2009/7/30,4,7,11,15,16,17,2
2009089,2009/8/2,2,3,7,11,19,32,4
2009090,2009/8/4,7,9,14,20,23,30,14
2009091,2009/8/6,3,8,11,14,25,29,4
2009092,2009/8/9,2,6,7,14,18,31,8
2009093,2009/8/11,1,11,20,31,32,33,1
2009094,2009/8/13,3,16,22,25,26,33,14
2009095,2009/8/16,8,9,14,28,31,33,15
2009096,2009/8/18,1,26,27,31,32,33,3
2009097,2009/8/20,7,13,24,26,28,32,14
2009098,2009/8/23,3,14,15,20,23,30,2
2009099,2009/8/25,8,9,18,20,25,29,9
2009100,2009/8/27,2,11,17,27,30,33,11
2009101,2009/8/30,1,2,5,10,19,24,14
2009102,2009/9/1,3,5,7,8,14,31,10
2009103,2009/9/3,6,11,17,20,23,24,9
2009104,2009/9/6,20,22,26,29,30,32,16
2009105,2009/9/8,2,8,10,16,27,30,15
2009106,2009/9/10,1,2,15,18,20,29,4
2009107,2009/9/13,7,8,20,23,28,29,5
2009108,2009/9/15,4,10,17,28,32,33,2
2009109,2009/9/17,5,6,7,14,25,28,1
2009110,2009/9/20,4,10,13,15,19,30,14
2009111,2009/9/22,2,4,7,14,15,25,15
2009112,2009/9/24,6,7,18,24,30,32,9
2009113,2009/9/27,4,12,20,25,28,29,16
2009114,2009/9/29,3,5,11,12,31,32,11
2009115,2009/10/1,2,9,13,15,19,24,3
2009116,2009/10/4,5,17,21,25,27,32,14
2009117,2009/10/6,5,9,15,21,26,31,13
2009118,2009/10/8,12,16,25,26,27,31,5
2009119,2009/10/11,6,7,10,12,15,21,5
2009120,2009/10/13,1,2,8,12,16,30,16
2009121,2009/10/15,2,4,6,10,25,30,9
2009122,2009/10/18,7,14,16,27,29,32,1
2009123,2009/10/20,9,13,20,22,25,28,14
2009124,2009/10/22,3,4,22,23,28,30,10
2009125,2009/10/25,6,7,8,22,26,27,12
2009126,2009/10/27,3,5,6,10,19,23,15
2009127,2009/10/29,2,11,12,14,15,16,4
2009128,2009/11/1,5,8,15,16,26,32,1
2009129,2009/11/3,6,7,16,17,24,25,7
2009130,2009/11/5,2,3,7,12,13,30,11
2009131,2009/11/8,16,23,25,26,32,33,5
2009132,2009/11/10,4,14,15,21,23,30,7
2009133,2009/11/12,5,9,13,18,20,32,1
2009134,2009/11/15,3,5,12,15,28,33,6
2009135,2009/11/17,1,3,14,19,30,33,16
2009136,2009/11/19,1,4,14,22,30,33,1
2009137,2009/11/22,8,12,14,15,17,21,1
2009138,2009/11/24,4,7,14,26,32,33,14
2009139,2009/11/26,1,5,15,17,27,29,2
2009140,2009/11/29,4,5,11,18,22,33,12
2009141,2009/12/1,2,13,21,28,29,31,9
2009142,2009/12/3,7,11,15,19,20,24,13
2009143,2009/12/6,5,9,11,17,23,28,10
2009144,2009/12/8,1,5,10,17,18,29,12
2009145,2009/12/10,3,5,11,15,26,33,11
2009146,2009/12/13,3,9,16,20,22,33,15
2009147,2009/12/15,6,8,10,18,22,32,16
2009148,2009/12/17,6,12,15,22,29,32,10
2009149,2009/12/20,1,3,16,18,22,29,4
2009150,2009/12/22,4,6,7,16,19,20,4
2009151,2009/12/24,6,8,10,16,25,30,14
2009152,2009/12/27,3,4,19,21,27,28,5
2009153,2009/12/29,6,7,8,20,21,25,10
2009154,2009/12/31,1,7,12,14,18,25,16
2010001,2010/1/3,7,17,18,27,29,32,13
2010002,2010/1/5,3,6,7,23,30,33,13
2010003,2010/1/7,14,22,26,27,28,31,4
2010004,2010/1/10,1,12,13,16,23,28,7
2010005,2010/1/12,3,5,6,8,17,18,14
2010006,2010/1/14,3,5,7,13,14,18,5
2010007,2010/1/17,14,22,27,28,30,33,14
2010008,2010/1/19,5,7,13,15,18,30,14
2010009,2010/1/21,1,9,13,21,24,32,6
2010010,2010/1/24,7,8,12,15,22,26,8
2010011,2010/1/26,7,8,14,22,24,30,7
2010012,2010/1/28,2,8,13,14,25,33,10
2010013,2010/1/31,1,2,3,16,18,23,12
2010014,2010/2/2,1,3,7,14,26,28,2
2010015,2010/2/4,1,4,16,21,23,28,6
2010016,2010/2/7,2,8,10,12,30,33,16
2010017,2010/2/9,1,3,6,11,12,23,11
2010018,2010/2/11,11,28,29,30,32,33,2
2010019,2010/2/21,2,10,22,24,26,27,6
2010020,2010/2/23,5,6,14,22,24,26,9
2010021,2010/2/25,2,9,16,17,19,25,4
2010022,2010/2/28,1,2,18,29,31,32,2
2010023,2010/3/2,2,9,11,22,24,27,11
2010024,2010/3/4,7,16,26,27,29,31,14
2010025,2010/3/7,4,5,7,10,13,25,11
2010026,2010/3/9,2,4,5,8,19,22,12
2010027,2010/3/11,3,4,15,25,26,30,13
2010028,2010/3/14,1,3,6,12,16,32,12
2010029,2010/3/16,1,5,14,16,17,22,3
2010030,2010/3/18,3,6,10,16,25,31,5
2010031,2010/3/21,5,7,13,24,25,28,4
2010032,2010/3/23,8,18,21,28,29,33,8
2010033,2010/3/25,8,10,11,12,25,29,9
2010034,2010/3/28,6,11,13,22,25,32,12
2010035,2010/3/30,9,10,11,18,19,21,10
2010036,2010/4/1,6,13,14,28,29,30,8
2010037,2010/4/4,3,16,19,21,24,26,6
2010038,2010/4/6,1,6,7,11,13,16,1
2010039,2010/4/8,8,17,21,23,25,32,12
2010040,2010/4/11,12,19,24,25,30,32,11
2010041,2010/4/13,3,5,13,19,25,29,12
2010042,2010/4/15,3,6,11,20,31,32,10
2010043,2010/4/18,4,10,19,22,28,33,4
2010044,2010/4/20,3,9,21,23,27,31,5
2010045,2010/4/22,2,3,4,13,20,29,1
2010046,2010/4/25,11,12,21,23,27,32,5
2010047,2010/4/27,3,10,13,20,21,32,15
2010048,2010/4/29,1,6,8,10,23,33,2
2010049,2010/5/2,1,6,10,26,27,28,2
2010050,2010/5/4,7,21,22,26,28,30,11
2010051,2010/5/6,4,17,23,27,28,32,3
2010052,2010/5/9,1,2,19,23,27,29,10
2010053,2010/5/11,3,22,24,27,28,30,14
2010054,2010/5/13,1,6,8,12,14,25,6
2010055,2010/5/16,2,3,13,19,20,23,8
2010056,2010/5/18,1,2,3,8,13,32,7
2010057,2010/5/20,5,11,12,19,25,32,5
2010058,2010/5/23,1,4,11,17,19,29,12
2010059,2010/5/25,1,9,11,12,18,30,10
2010060,2010/5/27,1,8,15,18,22,27,9
2010061,2010/5/30,2,4,16,19,22,26,12
2010062,2010/6/1,11,13,15,20,31,33,3
2010063,2010/6/3,2,6,10,17,23,24,3
2010064,2010/6/6,8,14,25,26,30,31,11
2010065,2010/6/8,2,7,8,17,30,32,12
2010066,2010/6/10,1,3,21,22,31,32,7
2010067,2010/6/13,1,7,10,14,21,25,1
2010068,2010/6/15,3,13,18,20,23,28,13
2010069,2010/6/17,12,14,20,22,24,32,11
2010070,2010/6/20,8,13,23,27,31,33,7
2010071,2010/6/22,5,13,14,17,20,26,1
2010072,2010/6/24,6,8,22,23,30,31,1
2010073,2010/6/27,1,16,20,23,27,31,2
2010074,2010/6/29,2,10,17,18,19,29,15
2010075,2010/7/1,5,9,12,13,15,22,14
2010076,2010/7/4,1,12,14,29,31,32,15
2010077,2010/7/6,2,8,14,20,21,24,9
2010078,2010/7/8,1,3,9,11,17,23,12
2010079,2010/7/11,8,11,12,14,18,22,2
2010080,2010/7/13,8,10,13,14,16,23,16
2010081,2010/7/15,2,3,9,24,26,27,5
2010082,2010/7/18,1,8,13,14,27,31,2
2010083,2010/7/20,2,20,21,22,23,31,12
2010084,2010/7/22,2,10,14,18,20,30,3
2010085,2010/7/25,1,8,12,13,24,27,8
2010086,2010/7/27,5,21,28,29,30,31,8
2010087,2010/7/29,1,8,16,17,25,30,10
2010088,2010/8/1,5,6,15,23,27,30,12
2010089,2010/8/3,7,8,9,16,23,26,1
2010090,2010/8/5,1,6,10,15,25,31,14
2010091,2010/8/8,6,13,16,20,22,24,16
2010092,2010/8/10,3,13,19,27,28,30,2
2010093,2010/8/12,9,10,19,28,32,33,6
2010094,2010/8/15,3,5,7,27,31,32,10
2010095,2010/8/17,9,11,16,17,25,27,14
2010096,2010/8/19,7,12,21,23,24,28,3
2010097,2010/8/22,10,16,18,21,24,26,1
2010098,2010/8/24,1,3,8,16,29,33,7
2010099,2010/8/26,3,4,17,24,27,30,6
2010100,2010/8/29,1,6,12,22,23,26,8
2010101,2010/8/31,4,9,18,21,25,26,6
2010102,2010/9/2,4,11,16,20,22,29,10
2010103,2010/9/5,6,9,14,17,20,33,9
2010104,2010/9/7,7,17,23,24,27,32,2
2010105,2010/9/9,1,8,9,19,21,31,11
2010106,2010/9/12,2,6,8,15,26,29,16
2010107,2010/9/14,8,12,15,17,22,33,16
2010108,2010/9/16,2,4,8,20,23,24,7
2010109,2010/9/19,4,15,18,25,29,32,15
2010110,2010/9/21,1,3,12,24,26,27,1
2010111,2010/9/23,4,7,8,13,17,18,10
2010112,2010/9/26,1,8,18,24,29,30,16
2010113,2010/9/28,5,10,15,18,20,28,10
2010114,2010/9/30,1,8,11,15,17,25,1
2010115,2010/10/3,1,22,24,25,29,33,15
2010116,2010/10/5,5,9,10,20,22,26,7
2010117,2010/10/7,1,8,20,22,24,28,1
2010118,2010/10/10,5,8,11,13,15,25,5
2010119,2010/10/12,7,17,25,27,30,31,9
2010120,2010/10/14,1,2,5,6,10,29,16
2010121,2010/10/17,8,11,13,18,25,30,15
2010122,2010/10/19,2,9,12,16,25,27,6
2010123,2010/10/21,6,12,15,18,29,32,10
2010124,2010/10/24,2,6,8,11,12,25,2
2010125,2010/10/26,6,7,13,23,28,29,9
2010126,2010/10/28,3,13,18,20,27,28,5
2010127,2010/10/31,1,4,8,17,25,33,1
2010128,2010/11/2,4,11,19,20,24,28,12
2010129,2010/11/4,4,8,14,25,28,32,16
2010130,2010/11/7,1,2,7,15,21,31,16
2010131,2010/11/9,5,6,15,16,19,26,6
2010132,2010/11/11,2,10,12,18,24,33,15
2010133,2010/11/14,3,9,17,21,26,32,1
2010134,2010/11/16,9,15,16,22,27,28,6
2010135,2010/11/18,4,10,13,25,26,30,10
2010136,2010/11/21,4,10,23,24,26,33,10
2010137,2010/11/23,7,9,10,13,19,33,6
2010138,2010/11/25,1,21,23,24,26,30,5
2010139,2010/11/28,11,13,18,20,26,31,9
2010140,2010/11/30,1,12,13,18,26,29,15
2010141,2010/12/2,2,3,7,18,23,27,6
2010142,2010/12/5,2,16,18,23,26,27,10
2010143,2010/12/7,9,16,18,26,30,31,14
2010144,2010/12/9,2,3,8,15,19,21,11
2010145,2010/12/9,3,21,24,27,28,31,8
2010146,2010/12/9,1,17,18,22,25,32,1
2010147,2010/12/9,2,8,15,18,24,30,3
2010148,2010/12/9,1,3,7,18,23,27,12
2010149,2010/12/9,2,7,8,16,25,30,9
2010150,2010/12/9,2,17,18,23,29,30,6
2010151,2010/12/9,2,13,14,17,19,26,14
2010152,2010/12/9,4,9,17,21,25,31,1
2010153,2010/12/9,3,6,12,19,30,31,13
2011001,2011/1/2,3,9,20,24,26,32,10
2011002,2011/1/4,6,8,12,17,28,33,5
2011003,2011/1/6,13,14,21,22,23,27,4
2011004,2011/1/9,4,6,8,10,13,26,5
2011005,2011/1/11,6,9,12,14,20,22,13
2011006,2011/1/13,1,3,5,13,16,18,5
2011007,2011/1/16,1,9,17,24,26,31,5
2011008,2011/1/18,10,12,13,17,24,31,15
2011009,2011/1/20,17,18,23,24,25,26,4
2011010,2011/1/23,1,4,5,9,15,19,13
2011011,2011/1/25,1,12,18,19,21,24,10
2011012,2011/1/27,7,8,11,13,15,26,13
2011013,2011/1/30,1,3,13,16,21,22,8
2011014,2011/2/1,5,7,10,11,23,26,16
2011015,2011/2/10,3,6,13,26,27,29,7
2011016,2011/2/13,3,4,16,17,22,29,13
2011017,2011/2/15,2,6,15,23,26,33,8
2011018,2011/2/17,13,15,18,28,30,33,1
2011019,2011/2/20,2,4,12,19,32,33,16
2011020,2011/2/22,12,16,17,19,24,30,5
2011021,2011/2/24,1,2,14,18,25,31,8
2011022,2011/2/27,2,7,14,16,17,21,5
2011023,2011/3/1,2,3,6,21,22,25,5
2011024,2011/3/3,5,7,10,19,26,31,14
2011025,2011/3/6,8,25,26,31,32,33,9
2011026,2011/3/8,7,8,17,19,21,26,12
2011027,2011/3/10,13,18,21,22,25,26,1
2011028,2011/3/13,1,4,5,14,16,17,1
2011029,2011/3/15,1,4,9,10,20,31,7
2011030,2011/3/17,2,9,19,24,25,33,10
2011031,2011/3/20,16,17,24,28,29,32,12
2011032,2011/3/22,3,5,7,13,14,15,15
2011033,2011/3/24,2,8,12,13,19,29,4
2011034,2011/3/27,13,14,17,19,24,31,8
2011035,2011/3/29,13,14,18,20,27,31,2
2011036,2011/3/31,2,11,20,22,24,31,5
2011037,2011/4/3,1,3,4,6,17,25,11
2011038,2011/4/5,2,14,15,19,23,24,12
2011039,2011/4/7,3,7,10,16,24,29,13
2011040,2011/4/10,5,11,14,24,26,28,13
2011041,2011/4/12,4,10,12,13,30,32,13
2011042,2011/4/14,5,13,15,17,19,21,15
2011043,2011/4/17,4,13,14,17,25,31,4
2011044,2011/4/19,3,14,16,26,27,31,9
2011045,2011/4/21,2,16,17,20,26,32,8
2011046,2011/4/24,9,17,18,26,29,30,8
2011047,2011/4/26,4,13,23,25,27,33,14
2011048,2011/4/28,10,14,18,25,26,27,15
2011049,2011/5/1,1,11,17,18,27,31,14
2011050,2011/5/3,4,5,19,22,28,29,15
2011051,2011/5/5,1,7,11,14,15,16,14
2011052,2011/5/8,4,5,8,19,27,28,8
2011053,2011/5/10,3,6,10,12,22,30,15
2011054,2011/5/12,8,11,16,17,22,33,8
2011055,2011/5/15,8,13,16,17,29,32,16
2011056,2011/5/17,13,16,19,20,23,25,10
2011057,2011/5/19,4,6,20,21,26,33,2
2011058,2011/5/22,7,18,22,30,32,33,6
2011059,2011/5/24,24,26,27,29,31,33,16
2011060,2011/5/26,10,11,13,21,27,31,1
2011061,2011/5/29,2,3,8,13,19,21,3
2011062,2011/5/31,4,8,9,10,29,30,3
2011063,2011/6/2,4,6,13,15,18,19,5
2011064,2011/5/30,3,6,7,29,30,33,2
2011065,2011/6/7,4,16,23,25,27,29,3
2011066,2011/6/9,4,6,14,17,30,32,12
2011067,2011/6/12,17,19,20,24,25,27,12
2011068,2011/6/14,3,7,10,15,19,24,10
2011069,2011/5/26,2,13,16,18,24,30,12
2011070,2011/6/19,1,3,5,12,21,28,12
2011071,2011/6/21,1,2,15,22,28,30,2
2011072,2011/6/23,1,6,10,11,18,27,12
2011073,2011/6/26,3,4,5,12,17,21,14
2011074,2011/6/28,2,21,26,28,29,32,1
2011075,2011/6/30,7,9,10,12,31,32,13
2011076,2011/7/3,6,19,21,26,32,33,13
2011077,2011/7/5,1,7,8,15,26,29,10
2011078,2011/7/7,3,5,13,20,22,29,9
2011079,2011/7/10,3,14,15,16,24,29,5
2011080,2011/7/12,2,7,9,25,31,32,9
2011081,2011/7/14,6,14,19,23,25,32,12
2011082,2011/7/17,7,16,17,20,25,26,4
2011083,2011/7/19,7,16,18,24,28,29,6
2011084,2011/7/21,9,10,12,16,18,32,15
2011085,2011/7/24,3,6,11,21,24,31,10
2011086,2011/7/26,6,7,9,12,17,24,9
2011087,2011/7/28,2,3,4,5,18,28,1
2011088,2011/7/31,3,9,17,20,21,29,4
2011089,2011/8/2,1,2,11,24,29,30,12
2011090,2011/8/4,2,5,14,18,21,25,16
2011091,2011/8/7,9,15,21,23,28,30,3
2011092,2011/8/9,5,10,17,26,31,32,4
2011093,2011/8/11,4,7,11,13,23,30,9
2011094,2011/8/14,9,11,12,17,18,19,5
2011095,2011/8/16,3,7,8,10,23,24,5
2011096,2011/8/18,1,4,7,13,14,19,15
2011097,2011/8/21,9,17,19,20,21,26,16
2011098,2011/8/23,3,7,20,21,22,32,5
2011099,2011/8/25,10,12,13,21,26,27,14
2011100,2011/8/28,7,11,21,23,31,32,5
2011101,2011/8/30,6,10,19,23,29,31,6
2011102,2011/9/1,1,5,13,21,27,31,11
2011103,2011/9/4,4,5,10,13,15,16,12
2011104,2011/9/6,9,10,16,20,25,29,9
2011105,2011/9/8,4,6,23,25,27,28,1
2011106,2011/9/11,2,11,12,14,24,32,14
2011107,2011/9/13,4,9,16,17,22,29,15
2011108,2011/9/15,2,17,22,26,29,33,10
2011109,2011/9/18,1,3,9,15,16,33,15
2011110,2011/9/20,12,14,21,26,28,33,12
2011111,2011/9/22,1,3,5,20,25,27,4
2011112,2011/9/25,3,5,16,18,23,24,15
2011113,2011/9/27,6,10,11,25,32,33,5
2011114,2011/9/29,1,14,15,16,30,32,9
2011115,2011/10/2,7,8,9,12,17,33,16
2011116,2011/10/4,1,7,11,12,17,27,5
2011117,2011/10/6,8,10,19,26,28,30,4
2011118,2011/10/9,5,6,11,14,20,21,10
2011119,2011/10/11,9,12,14,19,28,32,1
2011120,2011/10/13,4,14,17,28,30,33,7
2011121,2011/10/16,4,14,22,25,32,33,2
2011122,2011/10/18,10,12,18,26,27,31,3
2011123,2011/10/20,1,4,5,14,19,28,16
2011124,2011/10/23,9,18,19,26,31,32,16
2011125,2011/10/25,3,10,15,24,27,32,8
2011126,2011/10/27,3,7,13,18,23,26,16
2011127,2011/10/30,16,19,22,23,27,29,11
2011128,2011/11/1,9,11,14,17,19,23,12
2011129,2011/11/3,7,10,11,21,23,26,6
2011130,2011/11/6,7,14,18,23,25,32,15
2011131,2011/11/8,2,7,9,17,21,25,1
2011132,2011/11/10,2,5,12,13,25,33,7
2011133,2011/11/13,12,14,20,21,25,31,16
2011134,2011/11/15,1,2,6,7,30,31,10
2011135,2011/11/17,12,13,17,20,25,26,12
2011136,2011/11/20,2,4,6,20,22,31,7
2011137,2011/11/22,2,11,18,23,30,33,13
2011138,2011/11/24,1,5,15,24,28,32,7
2011139,2011/11/27,8,20,24,27,30,31,3
2011140,2011/11/29,4,18,20,22,27,29,6
2011141,2011/12/1,2,4,6,19,24,29,11
2011142,2011/12/4,12,15,16,26,29,31,2
2011143,2011/12/6,7,8,12,14,15,30,16
2011144,2011/12/8,1,2,9,10,16,24,3
2011145,2011/12/11,2,4,14,15,26,30,4
2011146,2011/12/13,11,23,26,28,32,33,10
2011147,2011/12/15,4,8,12,17,18,30,10
2011148,2011/12/18,5,14,22,23,25,26,14
2011149,2011/12/20,4,5,6,7,23,31,16
2011150,2011/12/22,8,10,12,15,22,27,13
2011151,2011/12/25,7,11,16,19,31,33,10
2011152,2011/12/27,4,10,11,12,21,26,13
2011153,2011/12/29,5,8,9,10,20,25,13
2012001,2012/1/1,1,4,5,9,15,17,6
2012002,2012/1/3,2,3,7,9,10,32,13
2012003,2012/1/5,3,6,8,24,29,31,9
2012004,2012/1/8,1,5,10,11,21,23,16
2012005,2012/1/10,7,9,18,27,31,33,6
2012006,2012/1/12,2,22,25,29,32,33,8
2012007,2012/1/15,10,17,19,27,28,32,4
2012008,2012/1/17,1,12,20,23,24,29,8
2012009,2012/1/19,4,16,24,26,27,33,11
2012010,2012/1/29,1,3,13,19,25,26,10
2012011,2012/1/31,4,14,15,16,20,26,5
2012012,2012/2/2,15,17,18,20,23,27,1
2012013,2012/2/5,6,8,24,29,30,32,13
2012014,2012/2/7,1,2,5,16,28,30,12
2012015,2012/2/9,1,3,6,10,21,23,15
2012016,2012/2/12,2,5,12,17,22,25,8
2012017,2012/2/14,6,9,14,19,25,28,10
2012018,2012/2/16,3,5,6,22,26,32,15
2012019,2012/2/19,7,14,18,20,22,30,16
2012020,2012/2/21,3,8,12,18,23,29,11
2012021,2012/2/23,1,15,16,18,22,30,3
2012022,2012/2/26,4,8,12,24,26,27,4
2012023,2012/2/28,5,9,15,23,24,33,2
2012024,2012/3/1,4,12,19,21,25,28,13
2012025,2012/3/4,3,8,9,17,25,27,6
2012026,2012/3/6,3,7,9,15,24,25,16
2012027,2012/3/8,4,16,22,25,30,31,12
2012028,2012/3/11,10,15,20,21,28,30,11
2012029,2012/3/13,4,7,15,25,26,28,3
2012030,2012/3/15,9,10,17,18,21,31,8
2012031,2012/3/18,4,16,22,24,27,31,3
2012032,2012/3/20,1,2,10,17,22,24,4
2012033,2012/3/22,2,3,15,16,17,27,4
2012034,2012/3/25,2,3,8,23,32,33,16
2012035,2012/3/27,9,11,12,21,24,26,5
2012036,2012/3/29,2,11,13,18,19,26,9
2012037,2012/4/1,5,14,19,24,28,33,9
2012038,2012/4/3,9,10,11,15,19,33,16
2012039,2012/4/5,1,2,5,13,22,29,8
2012040,2012/4/8,3,8,9,22,25,31,10
2012041,2012/4/10,8,11,15,20,24,32,2
2012042,2012/4/12,5,6,11,19,24,28,16
2012043,2012/4/15,2,9,11,21,26,33,3
2012044,2012/4/17,6,9,10,14,22,25,3
2012045,2012/4/19,8,11,20,21,27,30,9
2012046,2012/4/22,4,12,19,20,23,33,6
2012047,2012/4/24,6,7,11,16,32,33,11
2012048,2012/4/26,1,5,14,22,24,30,10
2012049,2012/4/29,4,12,13,19,20,32,2
2012050,2012/5/1,7,13,15,17,19,24,11
2012051,2012/5/3,2,12,14,17,30,31,9
2012052,2012/5/6,2,3,5,6,20,24,4
2012053,2012/5/8,4,15,22,25,27,33,4
2012054,2012/5/10,6,14,18,20,30,33,14
2012055,2012/5/13,4,6,13,20,24,28,1
2012056,2012/5/15,4,7,14,17,26,31,10
2012057,2012/5/17,3,5,19,21,27,31,4
2012058,2012/5/20,3,6,15,20,25,26,4
2012059,2012/5/22,4,13,21,22,26,31,1
2012060,2012/5/24,7,10,13,16,17,29,1
2012061,2012/5/27,3,8,11,12,14,18,14
2012062,2012/5/29,2,13,16,17,20,31,7
2012063,2012/5/31,2,10,17,19,24,27,12
2012064,2012/6/3,5,10,11,16,23,24,11
2012065,2012/6/5,8,10,18,19,27,31,14
2012066,2012/6/7,1,2,9,26,29,33,12
2012067,2012/6/10,4,5,10,21,26,30,16
2012068,2012/6/12,5,17,22,26,32,33,10
2012069,2012/6/14,8,10,11,18,20,29,6
2012070,2012/6/17,2,3,4,24,31,32,11
2012071,2012/6/19,3,4,19,21,22,23,8
2012072,2012/6/21,2,3,7,9,13,30,6
2012073,2012/6/24,4,7,9,10,17,27,5
2012074,2012/6/26,15,16,18,19,28,32,8
2012075,2012/6/28,4,6,22,23,29,32,11
2012076,2012/7/1,11,18,22,27,29,30,15
2012077,2012/7/3,2,4,13,18,26,28,12
2012078,2012/7/5,8,15,22,24,28,33,12
2012079,2012/7/8,6,7,12,24,30,33,12
2012080,2012/7/10,4,9,14,15,16,27,3
2012081,2012/7/12,2,5,10,24,25,29,6
2012082,2012/7/15,2,4,11,18,22,29,6
2012083,2012/7/17,4,9,14,15,26,33,4
2012084,2012/7/19,2,10,20,26,28,29,14
2012085,2012/7/22,5,17,24,30,31,33,5
2012086,2012/7/24,8,9,13,15,22,23,8
2012087,2012/7/26,3,10,11,13,14,22,9
2012088,2012/7/29,3,5,23,24,27,31,15
2012089,2012/7/31,3,7,10,13,14,25,11
2012090,2012/8/2,2,13,20,25,29,30,11
2012091,2012/8/5,1,5,7,8,19,21,16
2012092,2012/8/7,6,13,17,18,28,32,3
2012093,2012/8/9,3,5,19,21,24,33,13
2012094,2012/8/12,6,9,14,16,23,33,15
2012095,2012/8/14,17,24,27,28,29,30,2
2012096,2012/8/16,4,7,11,16,29,33,7
2012097,2012/8/19,5,8,13,14,19,22,6
2012098,2012/8/21,2,12,19,26,29,31,9
2012099,2012/8/23,8,12,15,16,21,27,16
2012100,2012/8/26,5,7,15,18,25,33,10
2012101,2012/8/28,9,12,17,18,20,33,2
2012102,2012/8/30,13,25,27,28,29,30,15
2012103,2012/9/2,4,9,11,14,32,33,2
2012104,2012/9/4,4,5,9,10,19,28,3
2012105,2012/9/6,6,13,14,15,17,30,4
2012106,2012/9/9,13,14,20,22,23,32,16
2012107,2012/9/11,11,12,15,24,25,31,9
2012108,2012/9/13,1,9,12,13,19,28,13
2012109,2012/9/16,2,12,24,26,29,31,3
2012110,2012/9/18,3,7,10,13,22,32,9
2012111,2012/9/20,2,9,10,20,22,31,13
2012112,2012/9/23,8,15,20,21,27,31,6
2012113,2012/9/25,3,6,9,13,18,32,6
2012114,2012/9/27,1,6,11,26,27,29,15
2012115,2012/9/30,3,8,20,24,26,32,14
2012116,2012/10/2,3,21,26,29,31,32,3
2012117,2012/10/4,13,15,18,20,24,28,9
2012118,2012/10/7,5,6,7,12,15,28,11
2012119,2012/10/9,12,20,25,26,27,28,13
2012120,2012/10/11,1,4,20,24,28,29,16
2012121,2012/10/14,1,7,8,20,23,24,11
2012122,2012/10/16,12,13,19,22,28,29,11
2012123,2012/10/18,8,10,16,25,28,33,9
2012124,2012/10/21,6,7,21,25,27,33,11
2012125,2012/10/23,8,12,13,26,29,33,1
2012126,2012/10/25,3,5,12,15,23,24,7
2012127,2012/10/28,1,9,11,21,26,32,8
2012128,2012/10/30,5,9,12,29,30,31,5
2012129,2012/11/1,1,7,9,17,21,29,1
2012130,2012/11/4,1,3,15,20,22,31,3
2012131,2012/11/6,6,18,19,26,28,32,12
2012132,2012/11/8,7,12,16,17,21,25,10
2012133,2012/11/11,1,8,11,20,21,29,2
2012134,2012/11/13,2,5,6,7,13,23,15
2012135,2012/11/15,2,5,7,8,11,17,16
2012136,2012/11/18,2,7,8,17,21,28,11
2012137,2012/11/20,1,2,4,6,13,17,7
2012138,2012/11/22,1,7,16,17,19,21,14
2012139,2012/11/25,8,19,21,24,28,31,15
2012140,2012/11/27,14,18,27,30,31,33,15
2012141,2012/11/29,3,5,8,19,20,27,9
2012142,2012/12/2,5,18,22,28,29,31,6
2012143,2012/12/4,7,8,18,25,30,32,6
2012144,2012/12/6,3,10,12,13,27,30,4
2012145,2012/12/9,5,20,26,27,28,33,3
2012146,2012/12/11,1,5,7,13,29,32,13
2012147,2012/12/13,2,12,15,23,24,32,9
2012148,2012/12/16,3,6,11,17,21,31,7
2012149,2012/12/18,1,5,13,25,26,32,13
2012150,2012/12/20,9,11,17,23,24,26,7
2012151,2012/12/23,5,14,24,25,26,32,1
2012152,2012/12/25,10,12,18,22,28,29,7
2012153,2012/12/27,4,5,11,21,27,28,10
2012154,2012/12/30,5,7,12,16,28,32,4
2013001,2013/1/1,6,8,14,15,24,25,6
2013002,2013/1/3,1,16,18,22,28,30,12
2013003,2013/1/6,22,23,26,27,28,33,9
2013004,2013/1/8,6,10,16,20,27,32,8
2013005,2013/1/10,1,13,14,25,31,32,12
2013006,2013/1/13,9,10,13,17,22,30,13
2013007,2013/1/15,2,9,15,22,26,32,1
2013008,2013/1/17,3,8,17,21,25,32,15
2013009,2013/1/20,1,4,9,13,16,23,2
2013010,2013/1/22,1,9,11,17,32,33,12
2013011,2013/1/24,3,12,17,24,27,29,9
2013012,2013/1/27,6,14,17,22,28,29,2
2013013,2013/1/29,5,6,13,19,22,28,9
2013014,2013/1/31,2,4,5,17,19,20,8
2013015,2013/2/3,5,6,7,11,13,18,15
2013016,2013/2/5,2,5,6,12,14,28,5
2013017,2013/2/7,4,6,12,30,31,32,9
2013018,2013/2/17,2,8,13,28,29,30,5
2013019,2013/2/19,1,2,5,16,20,26,6
2013020,2013/2/21,1,7,8,12,16,21,1
2013021,2013/2/24,1,6,17,19,26,31,11
2013022,2013/2/26,2,4,7,9,15,20,7
2013023,2013/2/28,3,6,15,18,30,32,5
2013024,2013/3/3,4,5,13,23,27,30,9
2013025,2013/3/5,16,17,18,24,25,30,8
2013026,2013/3/7,4,11,14,15,22,31,11
2013027,2013/3/10,1,2,4,12,21,24,12
2013028,2013/3/12,7,8,14,25,26,28,13
2013029,2013/3/14,6,7,10,19,23,29,12
2013030,2013/3/17,7,14,18,25,26,29,6
2013031,2013/3/19,3,13,14,15,21,33,3
2013032,2013/3/21,4,21,25,29,30,33,3
2013033,2013/3/24,5,6,13,17,19,28,1
2013034,2013/3/26,6,15,20,22,26,33,9
2013035,2013/3/28,1,14,15,17,26,30,2
2013036,2013/3/31,4,5,9,27,29,31,13
2013037,2013/4/2,2,15,18,27,28,32,14
2013038,2013/4/4,9,10,12,14,15,19,11
2013039,2013/4/7,1,2,14,15,24,29,6
2013040,2013/4/9,2,4,10,12,17,30,10
2013041,2013/4/11,2,10,12,17,23,24,5
2013042,2013/4/14,1,8,12,13,15,33,3
2013043,2013/4/16,3,6,14,15,17,25,16
2013044,2013/4/18,3,5,11,18,26,28,6
2013045,2013/4/21,6,7,8,14,23,31,12
2013046,2013/4/23,3,16,19,20,24,26,6
2013047,2013/4/25,1,8,11,17,27,30,12
2013048,2013/4/28,10,13,17,28,30,32,4
2013049,2013/4/30,10,13,14,16,21,32,14
2013050,2013/5/2,3,7,13,18,22,25,3
2013051,2013/5/5,8,12,15,19,28,29,2
2013052,2013/5/7,6,7,14,21,22,24,13
2013053,2013/5/9,3,12,13,22,30,33,14
2013054,2013/5/12,3,4,8,14,21,28,14
2013055,2013/5/14,8,18,19,22,27,32,6
2013056,2013/5/16,3,12,25,26,28,29,16
2013057,2013/5/19,13,16,19,23,26,28,5
2013058,2013/5/21,8,11,17,21,23,24,5
2013059,2013/5/23,3,10,18,24,27,29,9
2013060,2013/5/26,5,7,10,13,19,20,15
2013061,2013/5/28,5,6,7,12,13,18,12
2013062,2013/5/30,1,6,7,19,22,27,2
2013063,2013/6/2,10,15,18,20,23,31,12
2013064,2013/6/4,1,9,13,22,25,32,12
2013065,2013/6/6,7,18,19,23,29,30,2
2013066,2013/6/9,1,3,16,17,20,32,7
2013067,2013/6/11,1,4,9,15,22,30,6
2013068,2013/6/13,2,7,13,20,25,27,6
2013069,2013/6/16,7,16,17,18,30,33,6
2013070,2013/6/18,2,3,9,10,28,30,6
2013071,2013/6/20,5,12,21,23,26,28,9
2013072,2013/6/23,2,8,11,14,19,33,9
2013073,2013/6/25,2,9,13,17,20,28,11
2013074,2013/6/27,3,6,8,14,19,32,3
2013075,2013/6/30,4,6,9,25,30,33,14
2013076,2013/7/2,14,23,24,26,29,30,3
2013077,2013/7/4,9,14,23,24,26,29,3
2013078,2013/7/7,3,5,17,18,26,27,15
2013079,2013/7/9,7,13,17,19,22,26,13
2013080,2013/7/11,10,11,12,23,28,32,16
2013081,2013/7/14,1,4,10,13,21,31,13
2013082,2013/7/16,4,13,14,20,22,30,6
2013083,2013/7/18,5,6,12,14,19,23,9
2013084,2013/7/21,5,7,9,11,20,21,3
2013085,2013/7/23,2,8,12,14,16,32,16
2013086,2013/7/25,2,4,11,13,16,26,11
2013087,2013/7/28,2,13,19,23,24,28,5
2013088,2013/7/30,9,15,20,21,22,24,14
2013089,2013/8/1,4,8,12,19,21,25,13
2013090,2013/8/4,2,5,11,23,24,29,8
2013091,2013/8/6,4,14,24,25,28,31,10
2013092,2013/8/8,7,11,15,21,26,31,6
2013093,2013/8/11,1,2,8,26,29,31,14
2013094,2013/8/13,2,4,14,18,20,22,7
2013095,2013/8/15,1,6,15,19,28,29,10
2013096,2013/8/18,1,2,22,28,29,30,15
2013097,2013/8/20,5,14,17,22,23,25,7
2013098,2013/8/22,7,15,18,19,20,26,14
2013099,2013/8/25,5,11,20,21,26,31,3
2013100,2013/8/27,4,8,11,14,16,20,11
2013101,2013/8/29,5,7,9,23,27,32,1
2013102,2013/9/1,2,4,5,6,8,16,3
2013103,2013/9/3,2,4,9,13,18,20,7
2013104,2013/9/5,1,2,4,15,17,28,11
2013105,2013/9/8,1,11,23,27,31,32,9
2013106,2013/9/10,9,11,23,30,31,32,6
2013107,2013/9/12,7,9,11,17,28,31,11
2013108,2013/9/15,16,21,22,28,31,32,5
2013109,2013/9/17,9,23,24,27,29,32,8
2013110,2013/9/19,15,17,18,21,29,32,13
2013111,2013/9/22,1,2,3,6,8,33,13
2013112,2013/9/24,1,6,12,13,22,31,7
2013113,2013/9/26,4,7,11,17,24,33,9
2013114,2013/9/29,4,6,17,21,23,33,7
2013115,2013/10/1,3,12,16,17,18,27,8
2013116,2013/10/3,12,15,21,26,32,33,7
2013117,2013/10/6,9,12,13,24,27,33,16
2013118,2013/10/8,2,3,17,22,32,33,16
2013119,2013/10/10,5,15,20,22,26,32,9
2013120,2013/10/13,5,6,13,18,23,31,11
2013121,2013/10/15,4,5,6,7,25,27,7
2013122,2013/10/17,7,10,13,15,26,27,11
2013123,2013/10/20,1,2,6,11,17,25,2
2013124,2013/10/22,3,9,15,23,25,30,7
2013125,2013/10/24,4,6,8,18,25,28,16
2013126,2013/10/27,4,10,19,27,31,33,16
2013127,2013/10/29,2,3,13,20,22,33,14
2013128,2013/10/31,7,13,17,19,25,31,8
2013129,2013/11/3,5,6,10,14,27,31,14
2013130,2013/11/5,1,3,15,16,31,33,8
2013131,2013/11/7,4,6,12,17,19,26,9
2013132,2013/11/10,20,21,22,23,25,27,12
2013133,2013/11/12,4,7,12,19,22,25,1
2013134,2013/11/14,1,17,18,19,25,29,10
2013135,2013/11/17,9,23,24,25,29,31,12
2013136,2013/11/19,4,6,14,16,18,26,6
2013137,2013/11/21,4,17,19,23,24,27,10
2013138,2013/11/24,4,15,16,24,27,28,3
2013139,2013/11/26,7,8,11,13,21,27,8
2013140,2013/11/28,1,5,12,13,21,22,10
2013141,2013/12/1,3,4,5,25,30,31,4
2013142,2013/12/3,11,12,14,20,22,29,14
2013143,2013/12/5,12,18,21,22,27,32,11
2013144,2013/12/8,5,7,12,19,27,31,2
2013145,2013/12/10,6,10,13,16,23,24,15
2013146,2013/12/12,8,20,25,30,32,33,1
2013147,2013/12/15,2,15,16,17,19,30,8
2013148,2013/12/17,6,11,12,14,17,22,1
2013149,2013/12/19,9,18,25,26,30,32,11
2013150,2013/12/22,1,15,16,25,26,29,10
2013151,2013/12/24,3,9,10,19,28,33,9
2013152,2013/12/26,4,6,14,16,18,29,5
2013153,2013/12/29,8,11,13,18,28,33,10
2013154,2013/12/31,7,11,14,19,24,29,5
2014001,2014/1/2,3,9,15,20,27,29,1
2014002,2014/1/5,4,21,23,31,32,33,4
2014003,2014/1/7,6,10,11,28,30,33,12
2014004,2014/1/9,1,4,19,22,24,25,15
2014005,2014/1/12,15,18,23,27,32,33,4
2014006,2014/1/14,3,4,7,17,21,27,14
2014007,2014/1/16,8,10,12,14,18,28,14
2014008,2014/1/19,5,14,16,21,29,30,12
2014009,2014/1/21,8,9,19,20,25,32,16
2014010,2014/1/23,5,7,8,20,31,33,11
2014011,2014/1/26,9,10,13,14,21,32,2
2014012,2014/1/28,1,8,11,19,21,24,8
2014013,2014/2/9,5,9,13,15,17,21,13
2014014,2014/2/11,4,9,19,22,25,29,15
2014015,2014/2/13,2,11,19,30,32,33,9
2014016,2014/2/16,2,3,7,13,21,24,8
2014017,2014/2/18,4,6,7,14,25,26,10
2014018,2014/2/20,13,17,18,21,30,33,15
2014019,2014/2/23,2,10,15,19,20,21,7
2014020,2014/2/25,9,14,17,23,24,25,15
2014021,2014/2/27,8,10,15,17,22,29,12
2014022,2014/3/2,4,6,7,10,21,26,16
2014023,2014/3/4,7,9,13,17,21,22,10
2014024,2014/3/6,8,10,16,20,23,30,9
2014025,2014/3/9,1,5,10,14,16,30,16
2014026,2014/3/11,1,2,5,6,11,23,14
2014027,2014/3/13,8,10,14,16,30,31,1
2014028,2014/3/16,6,16,21,27,30,32,5
2014029,2014/3/18,2,7,14,16,21,29,14
2014030,2014/3/20,12,18,19,23,24,30,10
2014031,2014/3/23,4,10,16,17,21,27,14
2014032,2014/3/25,1,2,14,22,29,33,7
2014033,2014/3/27,5,13,23,28,32,33,12
2014034,2014/3/30,1,3,4,8,25,31,6
2014035,2014/4/1,7,8,9,17,32,33,6
2014036,2014/4/3,1,7,8,9,11,22,3
2014037,2014/4/6,6,13,14,24,25,30,7
2014038,2014/4/8,4,7,22,23,24,33,16
2014039,2014/4/10,3,11,15,19,20,31,7
2014040,2014/4/13,3,4,6,11,12,15,8
2014041,2014/4/15,7,11,16,18,21,22,2
2014042,2014/4/17,12,15,20,25,28,33,14
2014043,2014/4/20,2,5,9,14,24,33,9
2014044,2014/4/22,4,9,21,27,28,33,12
2014045,2014/4/24,2,4,9,11,19,22,15
2014046,2014/4/27,2,10,11,17,18,22,10
2014047,2014/4/29,8,10,11,12,19,29,15
2014048,2014/5/1,6,9,16,17,24,25,16
2014049,2014/5/4,6,7,16,17,23,32,6
2014050,2014/5/6,3,17,23,25,26,32,13
2014051,2014/5/8,10,16,19,21,23,24,13
2014052,2014/5/11,9,13,15,28,30,33,8
2014053,2014/5/13,14,17,19,22,26,31,2
2014054,2014/5/15,1,4,5,11,29,30,14
2014055,2014/5/18,2,9,14,19,21,30,4
2014056,2014/5/20,1,11,18,20,28,29,1
2014057,2014/5/22,2,4,12,18,23,31,8
2014058,2014/5/25,2,3,12,13,14,25,11
2014059,2014/5/27,5,8,12,13,23,25,13
2014060,2014/5/29,3,5,14,18,25,33,6
2014061,2014/6/1,2,14,17,27,28,31,8
2014062,2014/6/3,6,9,15,24,25,26,9
2014063,2014/6/5,3,8,17,21,22,31,16
2014064,2014/6/8,2,9,15,16,29,32,14
2014065,2014/6/10,3,4,5,8,10,22,6
2014066,2014/6/12,2,5,15,17,18,21,16
2014067,2014/6/15,1,6,7,17,18,23,6
2014068,2014/6/17,4,12,13,22,27,29,16
2014069,2014/6/19,5,12,17,19,25,30,11
2014070,2014/6/22,1,7,9,19,28,29,7
2014071,2014/6/24,2,4,12,17,22,25,14
2014072,2014/6/26,1,3,7,13,19,32,16
2014073,2014/6/29,1,12,16,20,30,33,2
2014074,2014/7/1,1,3,6,13,30,31,12
2014075,2014/7/3,3,9,11,22,27,29,6
2014076,2014/7/6,6,10,12,17,18,33,11
2014077,2014/7/8,8,9,12,15,19,22,10
2014078,2014/7/10,2,3,5,6,9,17,7
2014079,2014/7/13,2,7,16,22,27,28,2
2014080,2014/7/15,5,14,16,17,25,30,7
2014081,2014/7/17,8,14,22,24,27,29,10
2014082,2014/7/20,2,4,20,25,26,29,11
2014083,2014/7/22,5,6,19,21,23,33,12
2014084,2014/7/24,1,6,9,10,13,25,8
2014085,2014/7/27,1,2,11,19,23,29,8
2014086,2014/7/29,2,4,10,12,14,30,8
2014087,2014/7/31,6,18,22,23,32,33,6
2014088,2014/8/3,3,6,11,14,16,29,15
2014089,2014/8/5,4,6,14,17,27,30,9
2014090,2014/8/7,5,9,11,19,24,32,13
2014091,2014/8/10,1,5,12,19,27,29,14
2014092,2014/8/12,3,13,18,19,22,26,7
2014093,2014/8/14,2,8,9,10,20,29,5
2014094,2014/8/17,1,10,18,20,23,29,1
2014095,2014/8/19,5,6,8,14,22,31,8
2014096,2014/8/21,12,14,17,19,22,24,8
2014097,2014/8/24,7,13,24,25,27,32,15
2014098,2014/8/26,2,13,17,20,29,31,7
2014099,2014/8/28,1,5,10,11,13,32,14
2014100,2014/8/31,1,6,9,10,14,16,11
2014101,2014/9/2,16,18,20,23,24,32,7
2014102,2014/9/4,14,16,21,24,28,31,13
2014103,2014/9/7,3,8,9,10,18,33,4
2014104,2014/9/9,2,6,12,19,27,28,13
2014105,2014/9/11,14,16,17,19,27,32,4
2014106,2014/9/14,9,14,17,18,21,25,15
2014107,2014/9/16,11,14,17,22,25,27,16
2014108,2014/9/18,3,8,9,20,23,28,2
2014109,2014/9/21,2,5,11,15,19,28,2
2014110,2014/9/23,1,8,11,13,19,30,6
2014111,2014/9/25,2,8,17,20,22,28,2
2014112,2014/9/28,1,15,16,21,24,30,3
2014113,2014/9/30,12,14,28,31,32,33,7
2014114,2014/10/2,2,7,23,30,32,33,10
2014115,2014/10/5,1,9,10,11,13,32,3
2014116,2014/10/7,9,10,14,15,19,29,16
2014117,2014/10/9,5,10,17,25,28,29,4
2014118,2014/10/12,5,7,15,18,26,30,3
2014119,2014/10/14,6,13,17,20,26,29,9
2014120,2014/10/16,1,7,12,16,23,28,4
2014121,2014/10/19,1,2,13,22,28,30,9
2014122,2014/10/21,6,9,11,16,20,29,11
2014123,2014/10/23,1,6,11,17,28,33,5
2014124,2014/10/26,2,17,20,24,31,33,4
2014125,2014/10/28,10,11,15,26,31,32,6
2014126,2014/10/30,6,11,16,17,22,27,1
2014127,2014/11/2,2,10,12,21,23,27,12
2014128,2014/11/4,5,7,8,17,18,24,14
2014129,2014/11/6,5,8,9,20,28,32,2
2014130,2014/11/9,1,2,10,24,30,33,10
2014131,2014/11/11,5,17,21,22,28,32,14
2014132,2014/11/13,5,6,14,15,18,33,8
2014133,2014/11/16,13,14,16,23,30,31,13
2014134,2014/11/18,5,16,22,23,26,28,2
2014135,2014/11/20,2,4,11,13,25,33,1
2014136,2014/11/23,3,16,19,27,31,32,10
2014137,2014/11/25,3,6,9,11,25,29,9
2014138,2014/11/27,4,6,13,29,31,33,13
2014139,2014/11/30,1,14,15,20,25,29,11
2014140,2014/12/2,6,10,11,14,17,33,6
2014141,2014/12/4,8,9,11,16,21,24,10
2014142,2014/12/7,6,21,22,23,25,28,13
2014143,2014/12/9,3,12,18,20,25,26,16
2014144,2014/12/11,3,5,6,9,10,27,"14,15"
2014145,2014/12/14,10,12,13,23,26,29,"11,13"
2014146,2014/12/16,1,6,13,20,29,32,"01,02"
2014147,2014/12/18,6,7,22,26,31,32,"10,07"
2014148,2014/12/21,1,2,5,12,15,16,"13,01"
2014149,2014/12/23,7,9,10,15,19,33,"01,05"
2014150,2014/12/25,3,8,14,22,24,32,"09,14"
2014151,2014/12/28,4,5,8,11,21,27,"08,01"
2014152,2014/12/30,8,13,15,20,21,25,"12,02"
2015001,2015/1/1,1,7,9,16,20,23,"06,01"
2015002,2015/1/4,7,15,16,25,28,32,"05,08"
2015003,2015/1/6,10,15,20,23,24,31,"15,11"
2015004,2015/1/8,2,14,15,16,23,24,"10,04"
2015005,2015/1/11,7,10,16,17,18,32,"15,01"
2015006,2015/1/13,1,10,11,29,31,33,"13,09"
2015007,2015/1/15,1,7,9,17,20,33,"08,07"
2015008,2015/1/18,4,7,10,16,20,22,"03,16"
2015009,2015/1/20,4,7,14,17,21,25,"14,13"
2015010,2015/1/22,1,2,3,8,21,31,"09,05"
2015011,2015/1/25,4,14,15,17,18,20,15
2015012,2015/1/27,3,5,22,23,29,31,6
2015013,2015/1/29,8,9,24,25,26,29,1
2015014,2015/2/1,2,12,16,19,27,30,11
2015015,2015/2/3,1,7,20,24,25,33,4
2015016,2015/2/5,2,6,10,15,17,31,13
2015017,2015/2/8,13,18,20,25,27,33,12
2015018,2015/2/10,6,9,12,14,28,29,9
2015019,2015/2/12,2,6,11,19,25,26,4
2015020,2015/2/15,1,4,7,19,22,23,4
2015021,2015/2/17,14,15,16,17,27,28,8
2015022,2015/2/26,4,7,10,16,23,25,10
2015023,2015/3/1,8,9,10,13,29,30,1
2015024,2015/3/3,9,11,16,18,23,24,10
2015025,2015/3/5,10,11,12,15,27,32,14
2015026,2015/3/8,2,13,17,21,22,33,13
2015027,2015/3/10,5,7,9,16,26,29,7
2015028,2015/3/12,4,7,10,26,27,28,14
2015029,2015/3/15,7,14,15,19,21,28,7
2015030,2015/3/17,8,11,14,15,16,26,7
2015031,2015/3/19,1,5,7,22,26,32,11
2015032,2015/3/22,11,14,16,18,29,32,16
2015033,2015/3/24,3,6,21,29,31,32,5
2015034,2015/3/26,12,13,17,18,20,27,13
2015035,2015/3/29,1,8,9,22,24,33,3
2015036,2015/3/31,4,6,16,17,26,33,3
2015037,2015/4/2,5,7,12,18,28,31,3
2015038,2015/4/5,5,6,11,12,14,33,14
2015039,2015/4/7,1,13,15,26,29,30,12
2015040,2015/4/9,13,16,18,27,30,32,16
2015041,2015/4/12,4,9,11,17,21,25,6
2015042,2015/4/14,9,10,19,21,23,32,8
2015043,2015/4/16,11,12,15,24,26,27,15
2015044,2015/4/19,2,3,4,13,14,16,2
2015045,2015/4/21,1,5,13,22,30,31,7
2015046,2015/4/23,5,7,10,14,23,31,1
2015047,2015/4/26,2,3,20,24,26,27,9
2015048,2015/4/28,13,16,17,22,25,27,10
2015049,2015/4/30,7,12,14,17,20,23,5
2015050,2015/5/3,3,9,12,16,17,31,4
2015051,2015/5/5,4,10,24,26,28,32,9
2015052,2015/5/7,2,4,11,16,25,26,12
2015053,2015/5/10,3,7,17,22,32,33,10
2015054,2015/5/12,1,2,7,10,22,26,7
2015055,2015/5/14,1,10,15,18,19,28,2
2015056,2015/5/17,1,7,8,16,18,20,14
2015057,2015/5/19,9,20,24,25,26,32,4
2015058,2015/5/21,2,9,10,18,19,20,15
2015059,2015/5/24,2,6,9,16,25,32,14
2015060,2015/5/26,1,3,18,27,31,32,13
2015061,2015/5/28,6,18,22,26,32,33,4
2015062,2015/5/31,9,14,15,18,21,26,16
2015063,2015/6/2,1,7,9,16,22,32,12
2015064,2015/6/4,11,12,14,17,23,27,1
2015065,2015/6/7,8,10,14,19,26,29,12
2015066,2015/6/9,5,8,11,17,24,28,16
2015067,2015/6/11,2,5,8,24,25,31,14
2015068,2015/6/14,6,15,18,21,26,27,10
2015069,2015/6/16,1,13,17,18,23,30,15
2015070,2015/6/18,1,7,13,19,21,29,15
2015071,2015/6/21,8,18,20,28,29,31,8
2015072,2015/6/23,1,3,5,20,21,31,5
2015073,2015/6/25,1,2,17,22,26,27,4
2015074,2015/6/28,4,7,21,25,26,29,8
2015075,2015/6/30,6,11,13,19,21,32,4
2015076,2015/7/2,1,9,10,19,23,27,9
2015077,2015/7/5,1,6,8,10,13,27,16
2015078,2015/7/7,3,7,20,22,26,29,2
2015079,2015/7/9,9,14,15,20,26,32,11
2015080,2015/7/12,14,17,25,27,28,30,2
2015081,2015/7/14,13,20,22,26,28,31,13
2015082,2015/7/16,2,8,9,14,28,30,7
2015083,2015/7/19,6,7,16,18,29,32,5
2015084,2015/7/21,15,18,20,22,28,29,15
2015085,2015/7/23,2,8,25,27,28,29,5
2015086,2015/7/26,5,6,8,16,18,22,12
2015087,2015/7/28,9,15,16,19,20,28,11
2015088,2015/7/30,2,12,20,24,29,31,9
2015089,2015/8/2,12,14,19,27,28,29,1
2015090,2015/8/4,10,12,14,22,25,33,15
2015091,2015/8/6,5,7,17,19,22,31,11
2015092,2015/8/9,9,15,19,21,26,27,1
2015093,2015/8/11,1,3,13,21,25,31,8
2015094,2015/8/13,1,4,6,13,16,17,10
2015095,2015/8/16,4,15,21,28,30,31,4
2015096,2015/8/18,6,16,17,23,24,31,7
2015097,2015/8/20,9,12,14,20,26,27,4
2015098,2015/8/23,6,9,13,26,27,33,1
2015099,2015/8/25,6,7,10,11,14,22,9
2015100,2015/8/27,2,3,11,17,19,21,8
2015101,2015/8/30,8,16,22,24,28,29,5
2015102,2015/9/1,7,9,12,14,21,23,6
2015103,2015/9/3,6,8,13,26,30,32,14
2015104,2015/9/6,9,18,21,23,25,26,1
2015105,2015/9/8,9,10,16,19,20,26,12
2015106,2015/9/10,1,3,4,23,31,32,13
2015107,2015/9/13,7,14,16,18,21,25,8
2015108,2015/9/15,2,12,19,22,24,27,15
2015109,2015/9/17,1,8,9,16,32,33,13
2015110,2015/9/20,5,7,16,17,22,23,4
2015111,2015/9/22,8,14,16,18,20,30,12
2015112,2015/9/24,1,3,10,19,20,27,11
2015113,2015/9/27,1,5,7,8,19,27,12
2015114,2015/9/29,4,7,9,13,21,26,1
2015115,2015/10/1,1,7,8,14,24,32,3
2015116,2015/10/4,4,6,15,23,26,28,11
2015117,2015/10/6,4,11,12,18,26,32,12
2015118,2015/10/8,1,4,11,21,23,31,12
2015119,2015/10/11,2,8,10,18,23,31,8
2015120,2015/10/13,16,21,24,26,27,29,16
2015121,2015/10/15,1,3,20,21,28,29,12
2015122,2015/10/18,5,7,11,16,22,25,7
2015123,2015/10/20,5,8,9,12,22,28,7
2015124,2015/10/22,2,3,5,12,18,27,1
2015125,2015/10/25,5,13,22,27,30,33,10
2015126,2015/10/27,10,11,15,20,23,29,12
2015127,2015/10/29,7,10,19,22,27,33,6
2015128,2015/11/1,1,3,8,11,22,28,6
2015129,2015/11/3,5,8,11,16,18,27,4
2015130,2015/11/5,6,14,15,16,17,22,10
2015131,2015/11/8,10,12,13,19,22,26,3
2015132,2015/11/10,3,5,11,28,30,33,1
2015133,2015/11/12,2,3,13,20,22,24,15
2015134,2015/11/15,2,5,14,19,27,31,4
2015135,2015/11/17,1,12,14,18,26,32,7
2015136,2015/11/19,2,5,12,23,28,29,1
2015137,2015/11/22,14,22,23,27,28,31,12
2015138,2015/11/24,1,2,8,16,19,24,11
2015139,2015/11/26,1,10,13,18,25,27,9
2015140,2015/11/29,6,20,28,29,30,31,12
2015141,2015/12/1,3,8,19,25,27,28,2
2015142,2015/12/3,13,17,19,20,22,25,11
2015143,2015/12/6,13,15,19,20,21,32,4
2015144,2015/12/8,1,4,7,15,28,32,16
2015145,2015/12/10,7,8,15,19,20,24,13
2015146,2015/12/13,16,17,21,28,30,32,15
2015147,2015/12/15,8,9,16,23,24,30,5
2015148,2015/12/17,9,13,14,22,26,27,7
2015149,2015/12/20,9,10,20,21,22,33,9
2015150,2015/12/22,1,3,8,11,29,31,13
2015151,2015/12/24,5,6,8,23,31,32,11
2015152,2015/12/27,11,18,19,21,29,32,12
2015153,2015/12/29,8,11,15,22,27,29,3
2015154,2015/12/31,7,9,11,15,18,25,7
2016001,2016/1/3,6,13,16,18,20,22,13
2016002,2016/1/5,9,14,17,20,24,30,16
2016003,2016/1/7,1,10,14,23,26,28,1
2016004,2016/1/10,8,10,17,22,25,33,12
2016005,2016/1/12,11,14,18,20,31,33,14
2016006,2016/1/14,13,16,18,20,28,31,12
2016007,2016/1/17,5,12,14,20,27,29,6
2016008,2016/1/19,2,15,24,29,32,33,2
2016009,2016/1/21,10,14,24,25,27,32,4
2016010,2016/1/24,2,4,12,14,19,25,6
2016011,2016/1/26,3,8,10,15,22,29,12
2016012,2016/1/28,7,12,14,16,27,32,15
2016013,2016/1/31,7,12,21,22,26,31,1
2016014,2016/2/2,2,8,10,18,20,27,7
2016015,2016/2/4,1,2,14,22,25,26,7
2016016,2016/2/14,1,20,22,24,25,26,16
2016017,2016/2/16,5,6,8,20,22,30,5
2016018,2016/2/18,12,13,14,17,21,25,4
2016019,2016/2/21,6,13,16,17,23,30,10
2016020,2016/2/23,1,2,10,12,22,24,10
2016021,2016/2/25,9,11,13,22,24,26,5
2016022,2016/2/28,4,9,19,22,23,30,7
2016023,2016/3/1,3,6,10,19,25,29,7
2016024,2016/3/3,2,5,7,14,18,31,13
2016025,2016/3/6,4,11,12,17,24,30,12
2016026,2016/3/8,4,9,12,28,30,33,1
2016027,2016/3/10,11,13,15,17,19,31,5
2016028,2016/3/13,6,8,12,21,25,29,1
2016029,2016/3/15,12,15,18,20,21,27,15
2016030,2016/3/17,10,14,19,22,25,29,12
2016031,2016/3/20,3,8,10,19,26,33,3
2016032,2016/3/22,8,12,14,15,21,27,15
2016033,2016/3/24,6,17,18,20,27,29,15
2016034,2016/3/27,3,15,21,22,23,28,15
2016035,2016/3/29,4,13,19,20,26,29,11
2016036,2016/3/31,3,4,7,9,20,22,3
2016037,2016/4/3,6,15,26,31,32,33,16
2016038,2016/4/5,3,12,13,22,28,29,3
2016039,2016/4/7,1,3,7,18,19,27,16
2016040,2016/4/10,3,13,19,20,23,26,3
2016041,2016/4/12,12,17,18,21,22,24,4
2016042,2016/4/14,7,14,17,23,26,31,9
2016043,2016/4/17,5,14,20,26,30,33,12
2016044,2016/4/19,1,3,10,12,18,30,1
2016045,2016/4/21,4,9,12,17,30,32,3
2016046,2016/4/24,7,20,25,26,27,30,14
2016047,2016/4/26,2,5,8,15,17,22,16
2016048,2016/4/28,3,8,13,14,15,30,4
2016049,2016/5/1,6,8,13,14,22,27,10
2016050,2016/5/3,9,12,24,28,29,30,2
2016051,2016/5/5,1,2,4,9,15,33,12
2016052,2016/5/8,1,6,13,19,24,28,16
2016053,2016/5/10,2,8,10,12,29,31,1
2016054,2016/5/12,6,11,16,19,28,32,4
2016055,2016/5/15,5,6,10,16,22,26,11
2016056,2016/5/17,3,4,8,11,16,18,14
2016057,2016/5/19,7,12,19,22,23,26,11
2016058,2016/5/22,3,5,18,20,24,32,11
2016059,2016/5/24,4,11,12,20,25,28,15
2016060,2016/5/26,4,5,22,26,29,32,8
2016061,2016/5/29,5,6,8,18,20,32,8
2016062,2016/5/31,12,13,15,18,19,21,9
2016063,2016/6/2,16,17,18,23,28,32,7
2016064,2016/6/5,3,12,14,17,19,26,3
2016065,2016/6/7,13,16,22,25,26,27,14
2016066,2016/6/9,3,7,13,18,19,20,5
2016067,2016/6/12,9,13,18,20,27,31,4
2016068,2016/6/14,8,19,23,28,31,32,1
2016069,2016/6/16,8,10,11,20,21,27,11
2016070,2016/6/19,3,6,11,18,23,29,1
2016071,2016/6/21,19,21,26,28,29,32,1
2016072,2016/6/23,5,16,19,22,24,25,2
2016073,2016/6/26,9,11,12,15,16,20,13
2016074,2016/6/28,6,10,11,12,20,25,12
2016075,2016/6/30,1,3,6,16,29,32,7
2016076,2016/7/3,7,8,13,22,30,32,1
2016077,2016/7/5,1,9,17,19,20,29,10
2016078,2016/7/7,2,4,8,23,26,29,2
2016079,2016/7/10,1,3,10,12,24,28,2
2016080,2016/7/12,1,16,17,24,25,32,14
2016081,2016/7/14,2,6,15,25,30,32,7
2016082,2016/7/17,6,12,14,15,17,20,9
2016083,2016/7/19,9,16,17,24,30,31,4
2016084,2016/7/21,2,4,12,18,24,26,5
2016085,2016/7/24,1,12,19,20,21,25,16
2016086,2016/7/26,9,10,11,12,15,32,5
2016087,2016/7/28,2,3,10,11,14,21,12
2016088,2016/7/31,3,14,16,18,25,33,15
2016089,2016/8/2,1,3,14,30,31,32,8
2016090,2016/8/4,2,13,17,20,21,26,7
2016091,2016/8/7,4,8,14,22,23,28,7
2016092,2016/8/9,2,13,15,23,24,29,6
2016093,2016/8/11,6,9,15,17,25,27,9
2016094,2016/8/14,6,7,10,12,18,31,10
2016095,2016/8/16,1,5,9,12,18,32,12
2016096,2016/8/18,6,13,14,21,22,24,16
2016097,2016/8/21,6,13,25,26,28,31,1
2016098,2016/8/23,2,8,25,29,31,32,6
2016099,2016/8/25,1,11,21,23,27,33,6
2016100,2016/8/28,3,10,22,23,27,29,4
2016101,2016/8/30,1,3,19,24,32,33,1
2016102,2016/9/1,5,8,10,14,17,30,13
2016103,2016/9/4,1,5,13,19,24,27,11
2016104,2016/9/6,5,9,11,18,30,31,4
2016105,2016/9/8,8,10,19,27,28,31,16
2016106,2016/9/11,4,5,13,22,25,30,4
2016107,2016/9/13,6,11,18,26,27,32,1
2016108,2016/9/15,2,3,7,8,19,26,16
2016109,2016/9/18,9,11,15,16,27,33,5
2016110,2016/9/20,5,7,28,31,32,33,8
2016111,2016/9/22,2,4,7,14,15,32,4
2016112,2016/9/25,6,12,14,15,18,25,12
2016113,2016/9/27,1,11,16,17,20,26,14
2016114,2016/9/29,5,16,20,22,27,29,9
2016115,2016/10/2,6,8,20,22,26,27,9
2016116,2016/10/4,7,18,20,23,27,31,13
2016117,2016/10/6,3,10,14,17,28,33,2
2016118,2016/10/9,9,14,22,23,31,33,14
2016119,2016/10/11,9,19,21,30,31,32,4
2016120,2016/10/13,2,5,6,21,25,28,9
2016121,2016/10/16,2,3,10,23,25,28,9
2016122,2016/10/18,15,22,23,24,28,29,8
2016123,2016/10/20,7,9,12,14,20,27,16
2016124,2016/10/23,9,15,21,24,27,32,10
2016125,2016/10/25,1,6,8,20,27,30,3
2016126,2016/10/27,2,6,12,17,18,19,10
2016127,2016/10/30,7,12,17,26,29,31,16
2016128,2016/11/1,4,9,11,17,26,27,13
2016129,2016/11/3,5,6,8,21,31,33,14
2016130,2016/11/6,3,17,21,23,27,28,1
2016131,2016/11/8,4,10,18,19,25,27,2
2016132,2016/11/10,5,8,13,19,27,28,7
2016133,2016/11/13,15,16,21,22,27,33,15
2016134,2016/11/15,11,12,13,14,18,33,13
2016135,2016/11/17,2,8,10,18,20,33,12
2016136,2016/11/20,2,7,10,20,27,29,3
2016137,2016/11/22,1,6,9,10,15,32,14
2016138,2016/11/24,7,16,20,24,25,30,7
2016139,2016/11/27,1,6,19,26,28,30,3
2016140,2016/11/29,1,2,5,17,26,32,10
2016141,2016/12/1,4,13,15,17,21,24,15
2016142,2016/12/4,1,10,17,21,23,30,12
2016143,2016/12/6,6,9,23,24,25,33,13
2016144,2016/12/8,4,10,12,27,32,33,5
2016145,2016/12/11,1,3,7,12,19,20,6
2016146,2016/12/13,3,7,15,16,17,23,10
2016147,2016/12/15,4,14,18,28,31,32,12
2016148,2016/12/18,1,2,11,20,26,30,14
2016149,2016/12/20,3,20,23,26,32,33,7
2016150,2016/12/22,2,4,5,9,13,21,5
2016151,2016/12/25,6,11,16,20,22,33,7
2016152,2016/12/27,2,8,9,16,20,22,7
2016153,2016/12/29,7,9,16,24,25,29,6
2017001,2017/1/1,9,11,14,20,25,26,15
2017002,2017/1/3,15,19,23,24,25,32,3
2017003,2017/1/5,1,4,8,15,27,32,16
2017004,2017/1/8,5,13,17,26,27,30,7
2017005,2017/1/10,6,11,12,22,23,30,5
2017006,2017/1/12,2,4,8,26,29,33,8
2017007,2017/1/15,2,4,5,24,26,33,15
2017008,2017/1/17,7,13,15,27,28,29,13
2017009,2017/1/19,2,6,8,9,15,29,14
2017010,2017/1/22,5,8,19,25,28,30,7
2017011,2017/1/24,10,11,12,23,26,29,16
2017012,2017/1/26,10,11,14,15,16,24,7
2017013,2017/2/5,8,11,28,29,31,33,6
2017014,2017/2/7,6,8,18,20,23,31,13
2017015,2017/2/9,1,8,9,14,17,32,1
2017016,2017/2/12,5,8,16,22,27,29,2
2017017,2017/2/14,3,7,8,10,22,23,12
2017018,2017/2/16,1,2,3,17,25,31,9
2017019,2017/2/19,4,6,8,12,23,25,8
2017020,2017/2/21,4,8,10,12,31,33,10
2017021,2017/2/23,2,5,10,22,32,33,9
2017022,2017/2/26,2,6,15,16,18,32,15
2017023,2017/2/28,1,3,4,11,18,22,14
2017024,2017/3/2,9,21,25,26,29,31,13
2017025,2017/3/5,2,15,16,17,22,32,7
2017026,2017/3/7,3,10,12,19,27,30,8
2017027,2017/3/9,2,4,11,14,27,30,5
2017028,2017/3/12,7,8,12,13,22,30,9
2017029,2017/3/14,2,15,21,23,25,30,10
2017030,2017/3/16,1,7,9,20,23,30,2
2017031,2017/3/19,6,10,16,26,27,29,3
2017032,2017/3/21,5,8,15,24,27,31,11
2017033,2017/3/23,5,7,15,20,23,30,15
2017034,2017/3/26,4,7,8,19,32,33,13
2017035,2017/3/28,1,6,14,24,28,32,12
2017036,2017/3/30,1,2,5,10,24,27,15
2017037,2017/4/2,11,15,20,22,25,30,5
2017038,2017/4/4,1,4,8,13,24,27,5
2017039,2017/4/6,2,4,12,14,17,24,15
2017040,2017/4/9,15,19,23,28,29,33,4
2017041,2017/4/11,4,10,13,15,22,27,4
2017042,2017/4/13,1,2,4,7,10,23,4
2017043,2017/4/16,8,13,16,23,27,31,8
2017044,2017/4/18,8,16,19,21,31,32,6
2017045,2017/4/20,5,7,16,20,21,25,5
2017046,2017/4/23,4,13,14,23,26,32,10
2017047,2017/4/25,2,5,8,10,32,33,2
2017048,2017/4/27,5,8,9,14,15,19,7
2017049,2017/4/30,1,8,14,15,20,29,10
2017050,2017/5/2,10,12,20,24,27,29,7
2017051,2017/5/4,2,5,9,15,24,25,11
2017052,2017/5/7,7,8,18,24,29,31,7
2017053,2017/5/9,4,9,11,15,29,31,6
2017054,2017/5/11,2,3,9,23,28,33,8
2017055,2017/5/14,7,12,13,20,24,31,5
2017056,2017/5/16,13,14,18,19,21,28,6
2017057,2017/5/18,18,20,22,23,30,31,16
2017058,2017/5/21,1,9,13,22,28,32,11
2017059,2017/5/23,4,8,9,15,19,25,9
2017060,2017/5/25,5,10,13,24,26,31,4
2017061,2017/5/28,6,7,12,20,26,27,11
2017062,2017/5/30,1,7,22,24,26,31,10
2017063,2017/6/1,12,16,20,22,25,31,4
2017064,2017/6/4,2,10,16,22,24,28,15
2017065,2017/6/6,2,5,8,10,12,21,7
2017066,2017/6/8,1,4,6,17,19,26,3
2017067,2017/6/11,1,3,4,10,18,29,4
2017068,2017/6/13,2,6,10,22,30,31,15
2017069,2017/6/15,2,11,12,23,29,31,5
2017070,2017/6/18,1,6,14,22,25,26,12
2017071,2017/6/20,2,3,6,14,31,32,3
2017072,2017/6/22,6,11,14,23,26,30,2
2017073,2017/6/25,3,6,16,23,26,30,14
2017074,2017/6/27,2,6,16,23,30,31,2
2017075,2017/6/29,1,3,6,19,21,29,7
2017076,2017/7/2,1,4,8,9,14,15,13
2017077,2017/7/4,1,2,4,15,17,22,14
2017078,2017/7/6,5,7,18,19,22,24,16
2017079,2017/7/9,3,7,14,23,25,27,8
2017080,2017/7/11,1,12,16,20,22,24,8
2017081,2017/7/13,3,5,14,25,26,30,5
2017082,2017/7/16,14,18,21,25,28,29,10
2017083,2017/7/18,3,8,14,20,24,26,12
2017084,2017/7/20,1,5,11,20,22,24,2
2017085,2017/7/23,1,5,6,16,25,30,9
2017086,2017/7/25,3,5,6,13,20,22,7
2017087,2017/7/27,3,6,13,14,19,28,6
2017088,2017/7/30,7,9,18,22,23,29,6
2017089,2017/8/1,11,12,13,16,23,25,12
2017090,2017/8/3,1,7,10,16,22,33,9
2017091,2017/8/6,5,7,10,23,28,29,3
2017092,2017/8/8,10,18,19,29,32,33,9
2017093,2017/8/10,7,8,9,15,22,27,12
2017094,2017/8/13,8,11,13,19,28,31,6
2017095,2017/8/15,9,10,12,19,22,29,16
2017096,2017/8/17,2,6,11,12,19,29,6
2017097,2017/8/20,5,10,18,19,30,31,3
2017098,2017/8/22,4,19,22,27,30,33,1
2017099,2017/8/24,2,5,6,16,28,29,4
2017100,2017/8/27,4,7,8,18,23,24,2
2017101,2017/8/29,1,4,11,28,31,32,16
2017102,2017/8/31,4,8,10,14,18,20,11
2017103,2017/9/3,1,21,23,25,31,33,1
2017104,2017/9/5,1,14,15,20,23,30,14
2017105,2017/9/7,3,6,7,12,25,26,7
2017106,2017/9/10,12,15,20,25,27,31,2
2017107,2017/9/12,8,9,15,17,30,32,6
2017108,2017/9/14,7,12,14,15,17,20,1
2017109,2017/9/17,8,14,16,18,21,23,16
2017110,2017/9/19,1,3,12,15,19,23,14
2017111,2017/9/21,5,10,17,19,29,32,12
2017112,2017/9/24,3,10,14,16,22,23,11
2017113,2017/9/26,4,6,16,27,29,33,5
2017114,2017/9/28,6,12,13,15,18,26,13
2017115,2017/10/1,4,10,11,25,30,31,1
2017116,2017/10/3,2,14,20,22,30,32,2
2017117,2017/10/5,1,2,8,11,14,21,9
2017118,2017/10/8,8,9,15,22,30,33,16
2017119,2017/10/10,9,16,21,25,26,31,14
2017120,2017/10/12,8,10,15,19,23,28,16
2017121,2017/10/15,11,18,19,22,24,32,7
2017122,2017/10/17,11,20,21,22,24,27,15
2017123,2017/10/19,4,5,6,11,21,31,10
2017124,2017/10/22,2,6,11,26,28,29,3
2017125,2017/10/24,1,14,23,25,29,30,3
2017126,2017/10/26,1,16,17,21,27,30,16
2017127,2017/10/29,14,15,21,24,27,32,12
2017128,2017/10/31,2,6,13,22,29,31,8
2017129,2017/11/2,5,6,9,14,21,33,2
2017130,2017/11/5,5,13,14,23,25,31,2
2017131,2017/11/7,1,7,10,11,26,27,11
2017132,2017/11/9,2,3,5,9,13,28,11
2017133,2017/11/12,6,15,17,18,23,30,11
2017134,2017/11/14,4,5,11,14,28,32,4
2017135,2017/11/16,1,6,7,14,18,26,16
2017136,2017/11/19,3,7,10,18,21,24,12
2017137,2017/11/21,5,10,20,23,26,31,3
2017138,2017/11/23,1,17,24,28,32,33,2
2017139,2017/11/26,2,14,20,24,28,32,16
2017140,2017/11/28,21,22,25,28,29,30,8
2017141,2017/11/30,1,6,7,11,13,15,5
2017142,2017/12/3,8,13,14,18,23,33,6
2017143,2017/12/5,4,6,9,14,20,29,14
2017144,2017/12/7,3,14,16,20,31,32,9
2017145,2017/12/10,2,6,12,17,25,28,12
2017146,2017/12/12,1,19,25,26,27,33,10
2017147,2017/12/14,3,7,20,21,25,31,14
2017148,2017/12/17,4,7,11,14,29,32,12
2017149,2017/12/19,5,8,15,20,27,30,13
2017150,2017/12/21,6,14,19,20,21,23,8
2017151,2017/12/24,2,5,7,9,11,27,16
2017152,2017/12/26,6,10,23,25,26,29,5
2017153,2017/12/28,7,11,12,13,18,19,16
2017154,2017/12/31,5,9,13,15,18,26,5
2018001,2018/1/2,1,8,11,26,28,31,4
2018002,2018/1/4,7,18,24,29,31,33,16
2018003,2018/1/7,1,14,16,17,20,31,4
2018004,2018/1/9,14,18,19,26,30,31,11
2018005,2018/1/11,2,20,21,28,31,33,6
2018006,2018/1/14,2,7,8,9,17,29,11
2018007,2018/1/16,13,14,20,25,27,31,12
2018008,2018/1/18,5,9,10,12,17,19,13
2018009,2018/1/21,5,10,17,23,26,32,7
2018010,2018/1/23,1,8,17,20,21,22,3
2018011,2018/1/25,3,10,21,23,27,33,11
2018012,2018/1/28,11,12,13,19,26,28,12
2018013,2018/1/30,6,8,13,15,22,33,6
2018014,2018/2/1,9,12,20,24,28,31,7
2018015,2018/2/4,11,15,20,21,26,33,15
2018016,2018/2/6,1,11,12,18,25,27,16
2018017,2018/2/8,3,6,11,26,30,32,12
2018018,2018/2/11,2,12,13,18,25,27,7
2018019,2018/2/13,3,11,12,16,21,23,9
2018020,2018/2/22,6,9,10,14,28,30,5
2018021,2018/2/25,3,4,6,11,23,28,14
2018022,2018/2/27,7,14,19,21,22,23,3
2018023,2018/3/1,12,15,16,21,26,29,16
2018024,2018/3/4,11,19,22,26,31,32,2
2018025,2018/3/6,4,13,16,19,21,25,14
2018026,2018/3/8,4,7,12,14,26,32,4
2018027,2018/3/11,2,7,9,14,18,28,5
2018028,2018/3/13,3,8,11,14,18,23,16
2018029,2018/3/15,1,2,9,14,22,25,5
2018030,2018/3/18,13,14,20,21,25,33,7
2018031,2018/3/20,2,16,18,19,27,30,14
2018032,2018/3/22,21,22,23,24,25,32,6
2018033,2018/3/25,4,19,20,22,28,33,6
2018034,2018/3/27,1,5,11,22,23,26,15
2018035,2018/3/29,7,10,11,17,23,28,15
2018036,2018/4/1,8,17,24,26,28,33,4
2018037,2018/4/3,1,6,7,8,27,30,10
2018038,2018/4/5,15,23,24,25,28,29,9
2018039,2018/4/8,8,12,18,19,23,32,3
2018040,2018/4/10,1,3,8,13,18,23,16
2018041,2018/4/12,7,8,20,23,24,32,13
2018042,2018/4/15,6,10,21,28,29,31,12
2018043,2018/4/17,1,4,6,8,21,24,7
2018044,2018/4/19,5,9,12,17,27,30,6
2018045,2018/4/22,3,4,6,25,26,30,1
2018046,2018/4/24,10,13,14,18,20,31,3
2018047,2018/4/26,6,7,12,16,22,25,7
2018048,2018/4/29,1,12,20,25,30,31,2
2018049,2018/5/1,1,3,4,11,19,23,2
2018050,2018/5/3,1,2,4,10,18,19,7
2018051,2018/5/6,5,7,20,23,27,31,4
2018052,2018/5/8,3,5,6,9,15,32,14
2018053,2018/5/10,1,4,10,11,14,27,6
2018054,2018/5/13,4,6,18,22,25,33,16
2018055,2018/5/15,7,9,10,12,22,26,7
2018056,2018/5/17,1,3,6,20,21,26,1
2018057,2018/5/20,5,15,17,19,20,30,13
2018058,2018/5/22,7,12,13,16,26,31,7
2018059,2018/5/24,4,6,8,13,22,32,11
2018060,2018/5/27,4,8,13,25,30,31,10
2018061,2018/5/29,9,10,11,12,18,23,7
2018062,2018/5/31,2,18,19,24,25,33,11
2018063,2018/6/3,5,6,10,16,20,25,12
2018064,2018/6/5,2,5,10,11,17,21,5
2018065,2018/6/7,1,4,6,14,28,33,1
2018066,2018/6/10,9,16,17,19,22,26,10
2018067,2018/6/12,1,4,9,12,15,18,5
2018068,2018/6/14,8,10,17,20,27,30,1
2018069,2018/6/17,6,13,17,19,23,31,12
2018070,2018/6/19,4,9,15,16,19,27,10
2018071,2018/6/21,2,5,6,13,16,19,3
2018072,2018/6/24,11,16,19,22,25,30,8
2018073,2018/6/26,2,9,14,15,16,23,10
2018074,2018/6/28,9,11,14,20,27,30,9
2018075,2018/7/1,7,9,12,13,22,24,11
2018076,2018/7/3,3,7,8,15,29,30,13
2018077,2018/7/5,2,5,9,15,20,24,10
2018078,2018/7/8,3,10,14,17,18,30,12
2018079,2018/7/10,14,15,17,22,24,29,13
2018080,2018/7/12,4,7,13,20,29,33,3
2018081,2018/7/15,1,2,12,16,20,26,3
2018082,2018/7/17,6,12,14,20,22,24,9
2018083,2018/7/19,4,9,18,21,32,33,3
2018084,2018/7/22,5,6,8,12,22,24,3
2018085,2018/7/24,4,10,25,26,30,33,6
2018086,2018/7/26,2,7,17,21,23,26,16
2018087,2018/7/29,1,5,10,16,18,31,3
2018088,2018/7/31,3,5,12,29,30,32,14
2018089,2018/8/2,6,9,12,14,18,27,14
2018090,2018/8/5,1,2,4,10,14,23,7
2018091,2018/8/7,6,11,13,17,25,32,7
2018092,2018/8/9,6,10,16,19,24,33,16
2018093,2018/8/12,4,18,20,21,29,33,7
2018094,2018/8/14,4,7,16,20,24,30,5
2018095,2018/8/16,10,11,12,21,26,33,9
2018096,2018/8/19,1,5,9,20,28,32,12
2018097,2018/8/21,1,2,17,20,25,28,13
2018098,2018/8/23,6,10,11,20,29,32,13
2018099,2018/8/26,3,7,8,14,25,32,6
2018100,2018/8/28,2,11,14,15,29,33,2
2018101,2018/8/30,1,3,14,26,29,33,9
2018102,2018/9/2,2,6,11,19,21,28,5
2018103,2018/9/4,2,9,15,22,23,24,16
2018104,2018/9/6,2,3,6,19,25,29,1
2018105,2018/9/9,4,5,13,18,19,25,1
2018106,2018/9/11,4,18,19,24,25,26,10
2018107,2018/9/13,1,2,5,12,20,22,1
2018108,2018/9/16,5,13,18,21,26,30,2
2018109,2018/9/18,10,11,18,23,31,33,15
2018110,2018/9/20,11,13,16,21,22,23,2
2018111,2018/9/23,1,7,14,24,25,28,8
2018112,2018/9/25,5,8,18,25,26,31,4
2018113,2018/9/27,1,6,9,16,25,26,9
2018114,2018/9/30,1,7,15,16,20,27,14
2018115,2018/10/2,1,13,19,24,26,29,11
2018116,2018/10/4,5,14,17,22,23,28,15
2018117,2018/10/7,8,11,15,17,23,25,5
2018118,2018/10/9,8,12,21,22,27,31,9
2018119,2018/10/11,3,13,14,16,25,27,12
2018120,2018/10/14,3,4,18,26,27,33,1
2018121,2018/10/16,6,8,14,19,23,25,11
2018122,2018/10/18,5,7,20,22,30,32,10
2018123,2018/10/21,13,21,24,27,31,32,1
2018124,2018/10/23,9,13,14,19,22,25,2
2018125,2018/10/25,3,10,11,14,15,32,2
2018126,2018/10/28,1,6,8,9,14,22,5
2018127,2018/10/30,2,5,6,7,11,15,12
2018128,2018/11/1,6,7,8,19,22,23,2
2018129,2018/11/4,2,4,6,16,18,19,16
2018130,2018/11/6,5,12,17,18,24,28,12
2018131,2018/11/8,21,22,24,31,32,33,1
2018132,2018/11/11,1,2,9,10,15,22,6
2018133,2018/11/13,2,4,11,12,18,32,13
2018134,2018/11/15,3,16,18,31,32,33,12
2018135,2018/11/18,1,3,6,10,11,29,16
2018136,2018/11/20,10,12,15,25,26,27,14
2018137,2018/11/22,3,5,11,15,20,23,9
2018138,2018/11/25,1,10,25,27,30,32,9
2018139,2018/11/27,11,18,20,23,31,32,15
2018140,2018/11/29,1,15,20,22,25,28,14
2018141,2018/12/2,11,14,16,18,24,33,4
2018142,2018/12/4,5,8,10,11,27,28,11
2018143,2018/12/6,4,6,15,28,32,33,14
2018144,2018/12/9,8,13,17,18,20,27,13
2018145,2018/12/11,3,9,13,22,23,25,6
2018146,2018/12/13,2,10,11,17,18,29,16
2018147,2018/12/16,3,15,17,23,27,30,11
2018148,2018/12/18,3,6,18,19,21,31,1
2018149,2018/12/20,1,7,8,10,12,24,1
2018150,2018/12/23,6,8,15,19,20,31,5
2018151,2018/12/25,5,15,19,25,26,29,15
2018152,2018/12/27,4,14,16,23,28,29,3
2018153,2018/12/30,1,7,17,23,25,31,11
2019001,2019/1/1,6,10,13,15,32,33,15
2019002,2019/1/3,4,5,6,8,9,18,11
2019003,2019/1/6,13,17,20,21,22,27,1
2019004,2019/1/8,8,12,16,19,26,32,3
2019005,2019/1/10,21,22,26,28,31,32,7
2019006,2019/1/13,1,5,10,19,26,28,12
2019007,2019/1/15,6,10,14,15,19,23,15
2019008,2019/1/17,2,6,9,13,28,32,12
2019009,2019/1/20,1,7,10,22,31,32,15
2019010,2019/1/22,2,4,5,8,11,30,2
2019011,2019/1/24,10,13,19,21,24,30,7
2019012,2019/1/27,7,10,21,23,31,33,14
2019013,2019/1/29,5,7,14,16,18,21,1
2019014,2019/1/31,1,2,3,14,19,33,3
2019015,2019/2/3,11,15,16,20,24,31,4
2019016,2019/2/12,5,7,9,11,19,25,5
2019017,2019/2/14,4,5,24,28,30,33,9
2019018,2019/2/17,4,11,18,19,26,32,4
2019019,2019/2/19,3,11,17,18,24,25,6
2019020,2019/2/21,2,12,13,23,27,28,12
2019021,2019/2/24,2,5,7,8,20,27,4
2019022,2019/2/26,3,7,11,21,30,33,7
2019023,2019/2/28,1,10,14,15,18,31,13
2019024,2019/3/3,1,8,23,25,28,29,10
2019025,2019/3/5,15,16,21,27,30,33,4
2019026,2019/3/7,3,13,15,19,20,27,14
2019027,2019/3/10,2,6,8,10,11,17,13
2019028,2019/3/12,4,19,22,26,29,30,11
2019029,2019/3/14,8,11,17,23,32,33,10
2019030,2019/3/17,4,5,7,10,12,22,16
2019031,2019/3/19,3,13,15,18,21,33,16
2019032,2019/3/21,4,8,9,13,28,33,4
2019033,2019/3/24,9,15,19,21,23,29,15
2019034,2019/3/26,9,11,15,22,24,26,3
2019035,2019/3/28,1,5,7,9,10,20,16
2019036,2019/3/31,2,10,13,16,23,32,8
2019037,2019/4/2,1,7,12,14,18,25,10
2019038,2019/4/4,9,12,21,27,29,30,5
2019039,2019/4/7,6,7,11,14,27,32,8
2019040,2019/4/9,5,6,9,18,23,31,11
2019041,2019/4/11,2,9,13,23,24,26,16
2019042,2019/4/14,15,17,19,22,25,26,4
2019043,2019/4/16,1,6,12,13,24,32,13
2019044,2019/4/18,6,14,16,17,23,29,7
2019045,2019/4/21,1,6,17,19,27,31,14
2019046,2019/4/23,2,12,16,22,25,32,6
2019047,2019/4/25,3,11,18,25,30,33,14
2019048,2019/4/28,3,7,10,12,18,29,10
2019049,2019/4/30,3,10,13,22,23,28,15
2019050,2019/5/2,4,6,10,11,21,23,2
2019051,2019/5/5,8,9,10,13,15,28,9
2019052,2019/5/7,3,6,9,13,16,19,16
2019053,2019/5/9,4,16,22,25,29,31,8
